Composition,Structure,Str1,stable structure,elem,USFE,SurfEne,ISIS,Number,EleNeg_Miedema,EleDensity_Miedema,V0_Miedema,Period,Group,M_Num2,Mass,Radius_Coval,VaporHeat,Ion_Pot_1,Ion_Pot_2,Ion_Pot_3,Radius_vDW,EleNeg_Pauling,No_Spectral_lines,MaxR_Ele_in_Solid,Heat_Capacity,BoilingT,MeltingT,Heat_Fusion,Heat_Sublimation,CohEnergy,DebyeT,Therm_Conduc,Ele_Conduc,S298,Electron_Affinity,Y_wiki,B_wiki,G_wiki,WorkFunc,Possion_exp,NsVal,NpVal,NdVal,Nval,NsUnfill,NpUnfill,NdUnfill,NUnfill,Va_Activa,DFTBh,DFTGh,DFTYoung,DFTv0,NDFTC11,NDFTC12,NDFTC44,DFTBhvGh,DFTGvb,DFTGV,DFTpoisson,ratio_bh,Gb2pih,BGsq,GGB32,PackingEff,SpaceGroup,NfVal,NfUnfill,Va_Form,DFTC11,DFTC12,DFTC44,DFTC13,DFTC33,NDFTCxx,FT_Thomson_exp,FT_Thomson_dft,FT_Rice_92_exp,FT_Rice_92_dft,FT_Niu_exp,FT_Niu_dft,FT_Mazhnik_exp,FT_Mazhnik_dft,FT_Rice_68_exp,FT_Rice_68_dft,Fracture_toughness
Be5.5 Ti10.5 Mo10.5 Cr10.5 Fe10.5 Co10.5 Ni10.5 Cu10.5 Al10.5 Si10.5,BCC,0.0,0.0,0.0,0.5408029912844999,1.9995000000000005,7.824487145000001,23.845,4.6541500000000005,4.43215,7.968100000000001,3.785,8.615,59.565,51.72505,131.175,375.015,7.123819999999999,17.0256,38.67655,183.555,1.8073,747.7,1.07905,23645.682350000003,3244.535,1793.315,14668.454850000002,426425.535,4.4235500000000005,492.48,1.48655,2.9624,26.793500000000005,0.65815,182.84,148.48,73.3995,4.6545,0.293997693887,1.685,0.0,0.0,6.515,0.0,0.0,0.0,0.0,2.9894,154.57091649999998,67.45278838499999,175.74692259318698,13.153856475,228.69317345,117.5075452999965,84.8413859562535,2.4961638068415,1.881014238617,843.7512185474834,0.31626671482999996,0.9465141695075,10.487018385050003,1.5708266432685003,15.031859237194,0.7181673761999999,218.255,0.0,0.0,1.75565,228.4083412625,118.72222904999998,85.3573916125,116.90020342499999,229.262837825,74.15393513124651,28.835945153884293,28.08971237935089,10.604202958856803,10.329781442465578,160.39446600229934,156.8818472819057,11.264616684832964,11.454587604695867,14.14704696554655,13.97425145246255,50.9
Cr14.3 Fe14.3 Co14.3 Ni14.3 Al42.8,BCC,0.0,0.0,0.0,0.4844934247120001,1.78241,6.416716010000001,20.579,4.64044,4.22295,8.22966,3.572,10.283,66.277,43.78965,126.29099999999998,331.181,6.87089,17.76037,30.94679,184.28600000000003,1.73012,850.877,1.17499,24599.95969,2874.968,1463.53,13442.39186,372264.768,3.91195,468.46899999999994,1.53631,2.27005,27.93678,0.563988,158.517,131.19799999999998,60.89200000000001,4.57029,0.3104915104039,1.857,0.428,0.0,6.002999999999999,0.0,2.14,0.0,4.285,2.5225899999999997,137.02548857,58.07265281600001,152.2443708127679,13.495186165999998,200.36137302000003,105.35690730500001,69.714901155,2.6318444758805,1.6419401180539,700.497695161132,0.3262182774743,0.8551512749972001,8.2074269600731,1.6144556589065002,11.150785512362399,0.7232330583600001,221.711,0.0,0.0,1.6108699999999998,200.36137302000003,105.35690730500001,69.714901155,105.35690730500001,200.36137302000003,62.3106783891524,25.092510302896795,24.789057823477638,9.250586148607985,9.138715583686805,137.91352956903464,137.6415830906866,10.824950869867079,10.873964569640304,13.244970868667728,13.052794615421776,7.6
Cr1 Mn1 Fe1 Co1 Ni1,FCC,0.0,0.0,0.0,0.5487284195800001,0.0,9.0704428,26.0,4.8660000000000005,5.124,6.994,4.0,8.0,59.0,56.081999999999994,132.0,331.8,7.516,16.701999999999998,32.995999999999995,187.0,1.766,1236.4,0.6479999999999999,25086.304,3110.4,1792.4,15340.435999999998,391382.2,4.026000000000001,481.0,0.7460000000000001,1.0044,28.576,0.42960000000000004,219.4,162.0,84.88,4.65,0.27434377649999997,1.8,0.0,6.2,8.0,0.0,0.0,3.8,4.0,3.3620000000000005,191.58599800000002,101.21735100000001,254.35066748886,10.9265558,294.55348333334007,140.10074333334,126.66548166666,2.0633622102399998,3.1226230677,1094.7123854818997,0.27775115526,0.8106343992400001,12.40036252054,1.4225228616999999,40.25204764742,0.728419352,218.8,0.0,0.0,2.328,294.55348333334007,140.10074333334,126.66548166666,140.10074333334,294.55348333334007,110.18577777776,0.0,0.0,11.330027081949671,12.401601733064885,174.679017575528,207.43876316221244,11.557034665166334,12.52059379062728,15.403150127563816,16.601597172769516,219.0
Cr20 Mn20 Fe20 Co20 Ni21,FCC,0.0,0.0,0.0,0.5460613038663367,0.0,9.034005049504952,26.019801980198018,4.869306930693069,5.1263366336633664,6.990099009900991,4.0,8.01980198019802,59.05940594059406,56.10782178217821,131.92079207920793,332.25742574257424,7.517128712871287,16.716336633663367,33.02732673267327,186.76237623762376,1.7674257425742574,1229.1584158415842,0.6472277227722772,25096.1798019802,3110.3960396039606,1791.7623762376238,15363.069603960397,391706.3663366337,4.03009900990099,480.6930693069307,0.7476237623762375,1.0086138613861386,28.588118811881184,0.43680198019801986,219.20792079207922,162.17821782178217,84.79207920792079,4.654950495049505,0.27474567044455445,1.801980198019802,0.0,6.217821782178218,8.01980198019802,0.0,0.0,3.782178217821782,3.98019801980198,3.3576237623762375,191.65488247524752,101.12861986138616,254.20509731530592,10.926494851485149,294.36475330033664,140.29841864687128,126.6623199669901,2.0642408296425745,3.119587185708911,1093.8485700585386,0.2779598374960396,0.8096093733188121,12.380382617767326,1.4229632758732673,40.05072977664753,0.7285387693069307,218.86138613861385,0.0,0.0,2.3212871287128714,294.36475330033664,140.29841864687128,126.6623199669901,140.29841864687128,294.36475330033664,110.11926908689108,0.0,0.0,11.299732853369164,12.367788824515747,174.68437022018597,207.3848983665133,11.560422173076644,12.52170004638674,15.39824351678683,16.59788866165791,221.0
Cr10 Mn10 Fe10 Co10 Ni11,FCC,0.0,0.0,0.0,0.5434464845392156,0.0,8.998281764705883,26.03921568627451,4.872549019607843,5.128627450980392,6.9862745098039225,4.0,8.03921568627451,59.11764705882353,56.13313725490196,131.84313725490196,332.70588235294116,7.518235294117647,16.73039215686274,33.05803921568628,186.52941176470588,1.7688235294117642,1222.0588235294117,0.6464705882352941,25105.861960784314,3110.392156862745,1791.137254901961,15385.259411764706,392024.17647058825,4.034117647058824,480.3921568627451,0.7492156862745099,1.0127450980392156,28.599999999999994,0.44386274509803925,219.01960784313727,162.35294117647058,84.70588235294117,4.659803921568628,0.2751396841156863,1.803921568627451,0.0,6.235294117647059,8.03921568627451,0.0,0.0,3.764705882352941,3.9607843137254903,3.3533333333333335,191.7224162745098,101.04162854901962,254.0623814588804,10.926435098039216,294.1797238562157,140.49221797386275,126.65922026143136,2.0651022212137256,3.116610830815686,1093.001692192498,0.2781644279235294,0.8086044459450982,12.360794477794117,1.42339505447451,39.853359315105884,0.7286558450980393,218.92156862745097,0.0,0.0,2.314705882352941,294.1797238562157,140.49221797386275,126.65922026143136,140.49221797386275,294.1797238562157,110.054064488,0.0,0.0,11.269976567600242,12.334581481340471,174.6894245093935,207.33201284573707,11.563727903106376,12.522779286291968,15.393431931641782,16.59425191692897,217.0
Cr16.7 Fe16.7 Ni33.2 Cu16.7 Al16.7,BCC,0.0,0.0,0.0,0.5453544763592,2.02998,7.058934414,24.66,4.77081,4.55339,7.44168,3.833,9.665999999999999,64.165,52.61454,128.67600000000002,339.089,7.269948,18.013059999999996,33.19909,172.185,1.8031199999999998,943.7090000000001,0.8338599999999998,24894.29582,2998.277,1614.941,14689.80848,385737.04799999995,4.0225,461.85699999999997,1.65816,2.36687,28.64269,0.8012900000000001,181.63,150.942,70.48899999999999,4.68073,0.3041108000476,1.666,0.0,6.162999999999999,7.995999999999999,0.33399999999999996,0.0,0.0,3.336,2.77137,155.80469166999998,66.461548722,174.2745869915411,12.231961554,225.49673288000002,120.956367795,82.51731061999999,2.4813941754244997,1.9318549673952998,769.3026781018457,0.31890483872509995,0.8799979033268001,9.4321176669646,1.5701478950544,12.6115752002294,0.72033838284,226.33599999999998,0.0,0.0,1.77191,225.49673288000002,120.956367795,82.51731061999999,120.956367795,225.49673288000002,72.43493459416112,28.67916494394712,28.14862636279866,10.511024913912813,10.316580471226192,156.572352185539,154.46313513410476,11.28129782173534,11.316104171248787,14.147069839261851,13.92856588531664,42.5
Cr16.7 Fe16.7 Ni33.2 Cu16.7 Al16.7,FCC,0.0,0.0,0.0,0.4891327086453,2.1402,7.487750000000001,24.66,4.77081,4.55339,7.44168,3.833,9.665999999999999,64.165,52.61454,128.67600000000002,339.089,7.269948,18.013059999999996,33.19909,172.185,1.8031199999999998,943.7090000000001,0.8338599999999998,24894.29582,2998.277,1614.941,14689.80848,385737.04799999995,4.0225,461.85699999999997,1.65816,2.36687,28.64269,0.8012900000000001,181.63,150.942,70.48899999999999,4.68073,0.3041108000476,1.666,0.0,6.162999999999999,7.995999999999999,0.33399999999999996,0.0,0.0,3.336,2.77137,155.93773556,81.552840728,204.97326605197827,12.079987378999999,236.03128103333893,115.8884616583389,104.94310991666109,2.2718234188044,2.4477802796544,914.7126903296271,0.29253116987149996,0.7935523422634,10.0207751900973,1.4897434716834,32.6523620973323,0.73040944142,226.33599999999998,0.0,0.0,1.76356,236.03128103333893,115.8884616583389,104.94310991666109,115.8884616583389,236.03128103333893,89.98587650692961,29.447457390913822,31.41398753379081,9.954489137894559,10.619259704899486,156.24644261994197,170.82033600916077,11.257815496656034,11.729489154279321,14.147069839261851,14.971814683523329,42.5
Cr16.7 Fe16.7 Ni33.2 Cu16.8 Al16.7,BCC,0.0,0.0,0.0,0.5449558981879121,2.0293706293706295,7.05420935964036,24.664335664335667,4.770489510489511,4.552017982017983,7.441358641358642,3.833166833166833,9.66733266733267,64.16883116883116,52.62546453546454,128.6793206793207,339.0499500499501,7.270401598401599,18.015334665334663,33.20271728271729,172.15284715284716,1.8032167832167831,943.1188811188812,0.8336063936063935,24893.894705294704,2998.4285714285716,1614.6843156843156,14688.183116883116,385690.06993006996,4.021968031968032,461.73826173826177,1.6605094905094904,2.3703796203796204,28.647192807192813,0.8017242757242757,181.5784215784216,150.93106893106895,70.46653346653346,4.680559440559441,0.3041528010927073,1.6653346653346657,0.0,6.166833166833166,7.999000999001,0.33466533466533466,0.0,0.0,3.3336663336663337,2.7706493506493506,155.78906927072927,66.4446934925075,174.2334284643108,12.2317544995005,225.4461054745255,120.95824470029972,82.51109897102897,2.481738977786214,1.9312983246822175,769.1298466829236,0.3189276769244755,0.8798251849230769,9.42827017233107,1.5702588682758243,12.605176980166336,0.7203585048351648,226.33466533466535,0.0,0.0,1.7713786213786216,225.4461054745255,120.95824470029972,82.51109897102897,120.95824470029972,225.4461054745255,72.42204277638473,28.671155289223837,28.141303896346653,10.505825634449454,10.311674882950784,156.541288268793,154.43536843755453,11.280442976578104,11.315141047423674,14.145260092527815,13.927033951339714,46.5
Cr16.7 Fe16.7 Ni33.2 Cu16.8 Al16.7,FCC,0.0,0.0,0.0,0.4887902960761239,2.1394805194805198,7.48259655844156,24.664335664335667,4.770489510489511,4.552017982017983,7.441358641358642,3.833166833166833,9.66733266733267,64.16883116883116,52.62546453546454,128.6793206793207,339.0499500499501,7.270401598401599,18.015334665334663,33.20271728271729,172.15284715284716,1.8032167832167831,943.1188811188812,0.8336063936063935,24893.894705294704,2998.4285714285716,1614.6843156843156,14688.183116883116,385690.06993006996,4.021968031968032,461.73826173826177,1.6605094905094904,2.3703796203796204,28.647192807192813,0.8017242757242757,181.5784215784216,150.93106893106895,70.46653346653346,4.680559440559441,0.3041528010927073,1.6653346653346657,0.0,6.166833166833166,7.999000999001,0.33466533466533466,0.0,0.0,3.3336663336663337,2.7706493506493506,155.92198024975025,81.52090928271728,204.9014395136986,12.079932146853146,235.97012960373522,115.89540140693198,104.91449487178932,2.272377582561339,2.446708227038961,914.3945941632247,0.29258035539240757,0.7934659830615385,10.01633962601009,1.4899347690040963,32.62594311113826,0.7304195024175825,226.33466533466535,0.0,0.0,1.7630369630369631,235.97012960373522,115.89540140693198,104.91449487178932,115.89540140693198,235.97012960373522,89.95545128064897,29.43870325716603,31.40364892890409,9.949718585202874,10.613832635954992,156.21576504442683,170.77813281916877,11.256985611363953,11.728410788981726,14.145260092527815,14.969426811614566,46.5
Ti5.9 Cr29.4 Fe29.4 Ni29.4 Al5.9,BCC,0.0,0.0,0.0,0.8032534775658,2.49132,9.656030314,24.997,4.8173200000000005,5.09685,7.3647,3.9410000000000003,8.059,59.236,53.37891,132.709,355.17799999999994,7.13205,16.852089999999997,32.09141999999999,182.41299999999998,1.77345,1417.1580000000001,0.7502999999999999,24799.12236,3036.0570000000002,1837.4289999999999,15305.56092,410373.45699999994,4.25524,505.73199999999997,0.93191,1.17854,27.184459999999998,0.613915,213.834,160.914,84.39200000000001,4.668089999999999,0.2798003356681,1.7060000000000002,0.0,5.703999999999999,7.468999999999999,0.0,0.0,3.7060000000000004,4.295,3.25476,164.49519058999994,72.369143838,189.178978848757,11.949678142999998,249.91854050999996,121.78147664,83.465985915,2.3336587670105,2.1116193437430995,833.8711371745435,0.3104118705447,1.0114779782375998,11.581840815356998,1.5246078493656001,14.305130508097397,0.7050207248800001,225.52299999999997,0.0,0.0,2.2237899999999997,249.91854050999996,121.78147664,83.465985915,121.78147664,249.91854050999996,77.0001679216647,34.17188493040346,32.33899966210827,13.720359390237627,12.984437311215657,176.20041339025906,164.97293001334077,11.695582683087524,11.586838851554981,15.23143469626027,14.468970817056778,33.5
Ti5.9 Cr29.4 Fe29.4 Ni29.4 Al5.9,FCC,0.0,0.0,0.0,0.704276233806,2.68536,10.410951165999997,24.997,4.8173200000000005,5.09685,7.3647,3.9410000000000003,8.059,59.236,53.37891,132.709,355.17799999999994,7.13205,16.852089999999997,32.09141999999999,182.41299999999998,1.77345,1417.1580000000001,0.7502999999999999,24799.12236,3036.0570000000002,1837.4289999999999,15305.56092,410373.45699999994,4.25524,505.73199999999997,0.93191,1.17854,27.184459999999998,0.613915,213.834,160.914,84.39200000000001,4.668089999999999,0.2798003356681,1.7060000000000002,0.0,5.703999999999999,7.468999999999999,0.0,0.0,3.7060000000000004,4.295,3.25476,164.72941156999997,98.93704713,243.2233599491674,11.682130792999999,268.4643917500097,112.85953410000981,122.94613557499021,1.9647138421822998,3.0198950431692997,1089.8624161863265,0.2639815792695,0.8592923797188,12.6181600476984,1.3830575471436,49.586515823955196,0.72275061244,225.52299999999997,0.0,0.0,2.2090899999999998,268.4643917500097,112.85953410000981,122.94613557499021,112.85953410000981,268.4643917500097,107.8982333249817,35.47769826790071,37.998493929280144,12.847265424752049,13.76010172824489,175.53668765464394,192.3027034552527,11.651526831739513,12.070070234376233,15.23143469626027,16.16917746003981,33.5
Cr21 Fe20 Co20 Ni21 Al18,BCC,0.0,0.0,0.0,0.630198301071,2.2119000000000004,8.10397527,23.86,4.8305,4.8814,7.462300000000002,3.82,9.1,62.48,51.0573,128.61,347.71,7.250300000000001,17.308000000000003,32.0488,184.24,1.7814999999999999,1157.86,0.8608999999999999,24698.9761,2983.28,1694.95,14645.8459,397406.94,4.137600000000001,486.84,1.1751,1.6691,27.759400000000007,0.62587,197.19,155.08,76.19,4.6969,0.294476795487,1.79,0.0,5.33,7.3,0.0,0.0,2.87,3.98,3.0288000000000004,163.8296646,73.1035565,190.67372641456103,12.15972268,243.18329250000002,124.15108075,88.63205625,2.3744772216260004,2.148148486848,836.8690242835489,0.311763306347,0.9193383981820001,10.615912875818001,1.5357257678549998,14.998854728393,0.7157551466,220.44,0.0,0.0,1.9890999999999999,243.18329250000002,124.15108075,88.63205625,124.15108075,243.18329250000002,78.926739458327,30.910503239799784,30.655830151964015,11.666670908883125,11.570548659365578,164.83426453033962,165.95339283895393,11.555496076629664,11.691723555942987,14.693987211205386,14.532782577996272,9.0
Cr22.25 Fe20 Co20 Ni22.25 Al15.5,BCC,0.0,0.0,0.0,0.64972387315975,2.259275,8.3423756075,24.185,4.848625,4.94565,7.385175,3.845,8.975,62.08,51.766425,128.8725,349.3475,7.280675000000001,17.270500000000002,32.1773,184.04,1.785875,1175.435,0.829525,24706.763724999997,2992.13,1719.8875,14771.973275000002,399809.115,4.1596,489.64,1.138975,1.6054749999999998,27.718649999999997,0.6379575,201.4275,157.43,77.9275,4.7105250000000005,0.29237811689575,1.7775,0.0,5.4925,7.425,0.0,0.0,2.9575,3.955,3.0823,166.09674785000004,74.446074125,194.09053041093725,12.02646053,247.197560625,125.54446043749998,90.18044906250002,2.3476163741585,2.193810730708,848.7696164069853,0.31024232513075,0.9258088743095001,10.8300872095405,1.5274898945487498,15.358610898809248,0.7150013248499999,220.49,0.0,0.0,2.0279749999999996,247.197560625,125.54446043749998,90.18044906250002,125.54446043749998,247.197560625,80.39581607291076,31.547088812880922,31.231092270307034,11.962560702427867,11.84273576882721,167.6532942382353,168.315625928089,11.615951373211539,11.745612487402994,14.841027025558281,14.654739079475092,11.0
Cr22.25 Fe20 Co20 Ni22.25 Al15.5,FCC,0.0,0.0,0.0,0.58239241481975,2.391275,8.855927207499999,24.185,4.848625,4.94565,7.385175,3.845,8.975,62.08,51.766425,128.8725,349.3475,7.280675000000001,17.270500000000002,32.1773,184.04,1.785875,1175.435,0.829525,24706.763724999997,2992.13,1719.8875,14771.973275000002,399809.115,4.1596,489.64,1.138975,1.6054749999999998,27.718649999999997,0.6379575,201.4275,157.43,77.9275,4.7105250000000005,0.29237811689575,1.7775,0.0,5.4925,7.425,0.0,0.0,2.9575,3.955,3.0823,166.25608185,92.51947772500002,230.85541551325724,11.84445553,259.8137859583401,119.47511177084002,117.03769372915998,2.0966334320985,2.811685356168,1022.9133436258853,0.27865709297075003,0.8222812562695002,11.535066279160498,1.43119717194875,39.35955329054925,0.72706247285,220.49,0.0,0.0,2.017975,259.8137859583401,119.47511177084002,117.03769372915998,119.47511177084002,259.8137859583401,101.41490818401074,32.45558950632166,35.02599334193572,11.32576633355181,12.222739510371163,167.22773334795355,187.25117023078295,11.58646615116258,12.109445811521429,14.841027025558281,15.820569193958686,11.0
Cr23.5 Fe20 Co20 Ni23.5 Al13,FCC,0.0,0.0,0.0,0.6019179869085,2.43865,9.094327544999999,24.51,4.86675,5.0099,7.30805,3.87,8.85,61.68,52.47554999999999,129.135,350.985,7.31105,17.233,32.3058,183.84,1.7902499999999997,1193.01,0.79815,24714.551349999998,3000.98,1744.825,14898.10065,402211.29,4.1815999999999995,492.44,1.10285,1.54185,27.6779,0.6500450000000001,205.665,159.78,79.665,4.72415,0.2902794383045,1.765,0.0,5.655,7.55,0.0,0.0,3.045,3.93,3.1358000000000006,168.5231651,93.86199535,234.27221950963352,11.71119338,263.82805408334,120.86849145833999,118.58608654166,2.069772584631,2.857347600028,1034.8139357493214,0.27713611175450004,0.8287517323970002,11.749240612883,1.4229612986425,39.719309460965505,0.7263086511,220.54,0.0,0.0,2.05685,263.82805408334,120.86849145833999,118.58608654166,120.86849145833999,263.82805408334,102.8839847985945,33.0898515716851,35.589456771584224,11.624485630267793,12.502598506193587,170.01810868701043,189.528657703037,11.643633421548405,12.14247303883952,14.986306581712793,15.929917947556948,53.0
Cr1 Co1 Ni1,FCC,0.0,0.0,0.0,0.7026679480333332,2.513333333333333,9.782849,26.333333333333332,4.983333333333333,5.3,6.843333333333334,4.0,8.333333333333334,60.0,56.54,129.66666666666666,364.0,7.416666666666667,17.23,33.550000000000004,181.33333333333334,1.8166666666666667,852.6666666666666,0.6233333333333332,24672.539999999997,3033.3333333333335,1877.0,15560.94,415191.0,4.31,508.3333333333333,0.9500000000000001,1.3099999999999998,27.793333333333333,0.8316666666666667,229.33333333333334,173.33333333333334,88.66666666666667,4.883333333333334,0.2806974230666667,1.6666666666666667,0.0,6.666666666666667,8.333333333333334,0.0,0.0,3.3333333333333335,3.6666666666666665,3.4233333333333333,181.15888666666663,85.47729666666665,221.57373816113332,11.131976,273.23581666666666,135.11769166666667,106.19414166666667,2.1241348069666666,2.575752200966667,946.1343005369666,0.2964956798,0.8796528112666667,11.301922859166666,1.4573900144333332,19.047488824966667,0.7203785866666667,216.0,0.0,0.0,2.2133333333333334,273.23581666666666,135.11769166666667,106.19414166666667,135.11769166666667,273.23581666666666,93.81578194443334,35.202979611362615,34.949989220874876,13.161774706328956,13.067186050504182,185.24647200045558,185.9447500427814,11.988960098757458,12.111475010400618,15.77809315483729,15.586199147901366,273.3
Ta1 Nb1 W1 Mo1,BCC,0.0,0.0,0.0,1.063837706,2.705,10.89061575,57.5,4.3875,5.055,10.14,5.5,5.5,50.0,138.4125,162.5,706.5,7.42275,15.879999999999999,25.925,210.75,1.9049999999999998,464.25,0.42250000000000004,24483.52,5356.25,3158.25,30270.565,752786.5,7.8475,341.25,1.06,1.3074999999999999,34.72985,0.70075,257.75,227.5,97.0,4.425,0.324424526375,1.5,0.0,4.0,12.5,0.0,0.0,6.0,6.5,4.4375,236.34166749999997,87.35123525,230.59418934845,17.210051,372.953201875,168.03174437500002,80.895673375,3.662465705025,1.754422407925,1454.2401670588752,0.3486169127,1.2247448714,17.0268699675,1.8523043674250002,15.645633500375,0.68017476,229.0,7.0,0.0,3.095,372.953201875,168.03174437500002,80.895673375,168.03174437500002,372.953201875,88.084025166675,39.41509342758187,38.09166152958937,17.478397714592177,16.891529409845155,238.69331745736898,230.8704587791876,14.693317715535338,14.406619928559916,16.97261627000944,16.201739301022958,0.2
Zr1 Ti1 Ta1 Nb1,BCC,0.0,0.0,0.0,0.348563915925,2.01,3.57547225,44.0,3.8375000000000004,3.7624999999999997,11.5475,5.0,4.5,47.5,103.2375,167.25,607.75,6.3125,14.1475,25.759999999999998,199.25,1.4925000000000002,441.25,0.705,24891.732500000002,4680.0,2529.25,24150.7175,646441.75,6.692500000000001,306.5,0.39249999999999996,0.48,36.910450000000004,0.43725,118.75,144.6,46.0,4.2325,0.35349590599999997,1.75,0.0,2.75,8.0,0.0,0.0,7.25,7.5,3.2,144.26583499999998,38.2599105,104.688245073925,19.29134975,190.427091875,121.18352812500001,46.498698375000004,4.0808556462,0.67629721245,729.59194273945,0.373619937575,0.9659258263,6.062839491550001,1.9827126962750001,3.400247260575,0.71032763,211.5,3.5,0.0,2.565,190.427091875,121.18352812500001,46.498698375000004,121.18352812500001,190.427091875,42.539726208325,23.917803882975452,22.16057558931957,7.042866998061057,6.525431316340409,133.56423000447586,121.66924811410253,10.610506257299484,10.242148870627613,11.649376891976477,11.030538226910432,28.5
Zr23.75 Ti23.75 Ta23.75 Nb23.75 Mo5,BCC,0.0,0.0,0.0,0.39953757246875,2.055,4.1684830875,43.9,3.878125,3.851875,11.440125,5.0,4.575,47.725,102.87262500000001,166.5875,607.3625,6.353425,14.226125,25.951999999999998,199.7375,1.5258750000000003,433.7875,0.69475,24836.196875,4701.0,2547.5375,24324.825625,647258.1625,6.698875,313.675,0.441875,0.5505,36.4929275,0.4527375,129.2625,148.87,49.7,4.250875,0.34970999959000004,1.7125,0.0,2.8625,7.9,0.2875,0.0,7.1375,7.425,3.2625,150.32454325,42.221619975,114.81191851489875,19.1245746625,204.20353978125002,123.38314421875,49.15068595625,3.9897717273550004,0.7652107082274999,786.8482456273175,0.37029577859124996,0.9788667785549999,6.9048197106775,1.95872986030125,4.381261719031249,0.7088199865,212.375,0.0,0.0,2.58425,204.20353978125002,123.38314421875,49.15068595625,123.38314421875,204.20353978125002,46.23718989790875,25.06458770735845,23.476592012052965,7.814810791618593,7.319694492814529,140.66317612204668,130.28098203823043,10.99484045532366,10.662683013317675,12.135634974486846,11.535011312440625,22.5
Zr22.5 Ti22.5 Ta22.5 Nb22.5 Mo10,BCC,0.0,0.0,0.0,0.45051122901249996,2.1,4.761493925,43.8,3.91875,3.94125,11.33275,5.0,4.65,47.95,102.50775,165.925,606.975,6.394349999999999,14.304750000000002,26.144000000000002,200.225,1.5592499999999998,426.325,0.6845,24780.66125,4722.0,2565.825,24498.93375,648074.575,6.705250000000001,320.85,0.4912499999999999,0.621,36.075404999999996,0.468225,139.775,153.14,53.4,4.26925,0.34592409318,1.675,0.0,2.975,7.8,0.325,0.0,7.025,7.35,3.325,156.3832515,46.18332945,124.9355919558725,18.957799575,217.9799876875,125.5827603125,51.802673537500006,3.898687808509999,0.854124204005,844.104548515185,0.36697161960749997,0.99180773081,7.746799929804999,1.9347470243275,5.362276177487501,0.707312343,213.25,0.0,0.0,2.6035000000000004,217.9799876875,125.5827603125,51.802673537500006,125.5827603125,217.9799876875,49.934653587492505,26.18762995889067,24.755441260296706,8.576781781240227,8.107721772500161,147.66569183883956,138.7721744419485,11.354546955358881,11.056660722932834,12.600575786031772,12.015773961712345,20.0
Zr1 Ti1 Ta1 Nb1 Mo1,BCC,0.0,0.0,0.0,0.5524585421,2.19,5.9475156,43.6,4.0,4.119999999999999,11.117999999999999,5.0,4.8,48.4,101.77799999999999,164.6,606.2,6.4762,14.462,26.528,201.2,1.6260000000000001,411.4,0.6639999999999999,24669.590000000004,4764.0,2602.4,24847.15,649707.4,6.718000000000001,335.2,0.59,0.7619999999999999,35.24036,0.4992,160.8,161.68,60.8,4.306,0.33835228036,1.6,0.0,3.2,7.6,0.4,0.0,6.8,7.2,3.45,168.500668,54.106748399999994,145.18293883782002,18.6242494,245.53288350000003,129.9819925,57.10664870000001,3.71651997082,1.03195119556,958.61715429092,0.36032330164,1.01768963532,9.430760368060001,1.8867813523800003,7.3243050944000005,0.7042970559999999,215.0,0.0,0.0,2.6420000000000003,245.53288350000003,129.9819925,57.10664870000001,129.9819925,245.53288350000003,57.329580966660004,28.37203145725228,27.220588190037148,10.07634952973787,9.667413537910702,161.42088957751145,155.45558434662655,12.009014592766725,11.775619450315563,13.475484553457763,12.916845278879487,18.7
V2 Cr2 Fe9 Co4 Ni3,FCC,0.0,0.0,0.0,0.5200336786950002,2.7535,8.77072835,26.0,4.908499999999999,5.3325,7.0795,4.0,8.0,59.0,56.016,132.4,367.05,7.6215,16.482499999999998,31.98,186.95,1.815,1793.0,0.6545,24931.892499999998,3169.0,1861.65,15746.5565,427786.5,4.411,469.0,0.8215,1.1455,28.196999999999996,0.4952,207.45,171.5,79.5,4.6775,0.29978906649,1.9,0.0,6.1,8.0,0.0,0.0,3.9,4.0,3.315,191.22033249999998,120.55019300000001,291.96082185493003,11.022426750000001,306.618140000015,133.51868250001502,156.625142499985,2.07568807069,3.7590549725749995,1291.3772110862699,0.24653956679000003,0.8106343992400001,14.321948978249997,1.38078573075,69.57228711277,0.7284193520000001,221.4,0.0,0.0,2.2765,306.618140000015,133.51868250001502,156.625142499985,133.51868250001502,306.618140000015,133.26667124999,35.36239382407756,41.97843712715113,10.866754446722304,12.899844127840844,174.19211678694728,226.4977331060041,11.764608643815688,12.656641336121417,15.09752772935901,17.6310845947624,232.0
Ti1 Ta1 Nb1 V1,BCC,0.0,0.0,0.0,0.48554673574999996,2.25,4.5225437500000005,39.75,4.0375000000000005,4.165,10.1375,4.75,4.75,48.5,93.16749999999999,161.75,576.0,6.2875,14.467500000000001,26.985,197.5,1.5675,532.0,0.715,24787.062500000004,4446.75,2547.75,22818.06,622472.5,6.4575,328.75,0.4125,0.5449999999999999,34.83795,0.46099999999999997,133.75,160.0,49.5,4.295,0.35775755049999997,1.75,0.0,3.0,8.25,0.0,0.0,7.0,7.25,3.385,167.778335,38.089487,105.34068160302499,16.84415675,229.310341875,137.009765625,39.495260875,4.8706672520000005,0.7532037514750001,651.1970763325251,0.391908064475,1.09533534885,6.670113636450001,2.17025319725,2.73434063115,0.695251195,220.25,3.5,0.0,2.6849999999999996,229.310341875,137.009765625,39.495260875,137.009765625,229.310341875,41.713603291675,26.337487990588897,23.743196924616477,8.65134463835998,7.799171260550919,142.48554345318388,127.99078839749625,11.075147321070654,10.287228217347154,12.38472245726809,11.15599124039979,43.0
Y2 Mo14 Cr15 Fe41 Co7 B6 C15,unknown_structure,0.0,0.0,0.0,0.0,0.0,0.0,0.0,0.0,0.0,0.0,0.0,0.0,0.0,0.0,0.0,0.0,0.0,0.0,0.0,0.0,0.0,0.0,0.0,0.0,0.0,0.0,0.0,0.0,0.0,0.0,0.0,0.0,0.0,0.0,0.0,0.0,0.0,0.0,0.0,0.0,0.0,0.0,0.0,0.0,0.0,0.0,0.0,0.0,0.0,0.0,0.0,0.0,0.0,0.0,0.0,0.0,0.0,0.0,0.0,0.0,0.0,0.0,0.0,0.0,0.0,0.0,0.0,0.0,0.0,0.0,0.0,0.0,0.0,0.0,0.0,0.0,0.0,0.0,0.0,0.0,0.0,0.0,0.0,0.0,2.2
Be22.5 Zr41.2 Ti13.8 Ni10 Cu12.5,unknown_structure,0.0,0.0,0.0,0.4001404163457001,1.7428,5.811576232,26.840999999999998,4.1583000000000006,3.6199800000000004,9.880540000000002,3.9619999999999997,5.025,43.138000000000005,60.0287,144.68,439.735,7.170060000000001,15.644200000000001,56.93692,170.66300000000004,1.5422300000000002,241.942,1.2409000000000001,23194.284819999997,3691.522,1839.2840000000003,17612.01786,474619.56799999997,4.87155,589.727,1.16737,1.7016199999999997,29.64277,0.346584,144.84900000000002,120.4708,62.968,4.46539,0.29042602884420005,1.875,0.0,0.0,5.025,0.0,0.0,0.0,0.0,2.4701400000000002,120.40733828400002,70.732259246,168.008668020338,16.420903913,212.08591180000752,74.5659693416758,75.55018140832709,2.3024255172287997,2.2622933986657,882.1353201036258,0.2709200567296,1.1323268937464,12.8415625722987,1.4804638377698,65.2731943434477,0.7404804999999999,200.975,0.0,0.0,1.71015,203.61953592499998,76.69126452500001,75.01731207499999,73.50332175,229.01866355,72.23199195000001,24.87223903819449,26.00608398561477,8.427180950186848,8.81134887840162,138.85675872915263,147.1300625680677,10.340503728658732,10.756044738166471,12.577442927401426,13.465396685022297,55.0
Zr20 Ti16 Ni59 Sn3 Si2,unknown_structure,0.0,0.0,0.0,0.0,0.0,0.0,0.0,0.0,0.0,0.0,0.0,0.0,0.0,0.0,0.0,0.0,0.0,0.0,0.0,0.0,0.0,0.0,0.0,0.0,0.0,0.0,0.0,0.0,0.0,0.0,0.0,0.0,0.0,0.0,0.0,0.0,0.0,0.0,0.0,0.0,0.0,0.0,0.0,0.0,0.0,0.0,0.0,0.0,0.0,0.0,0.0,0.0,0.0,0.0,0.0,0.0,0.0,0.0,0.0,0.0,0.0,0.0,0.0,0.0,0.0,0.0,0.0,0.0,0.0,0.0,0.0,0.0,0.0,0.0,0.0,0.0,0.0,0.0,0.0,0.0,0.0,0.0,0.0,0.0,20.0
Hf0.25 Zr0.25 Ti0.25 Ta0.25 C1,unknown_structure,0.0,0.0,0.0,0.0,0.0,0.0,0.0,0.0,0.0,0.0,0.0,0.0,0.0,0.0,0.0,0.0,0.0,0.0,0.0,0.0,0.0,0.0,0.0,0.0,0.0,0.0,0.0,0.0,0.0,0.0,0.0,0.0,0.0,0.0,0.0,0.0,0.0,0.0,0.0,0.0,0.0,0.0,0.0,0.0,0.0,0.0,0.0,0.0,0.0,0.0,0.0,0.0,0.0,0.0,0.0,0.0,0.0,0.0,0.0,0.0,0.0,0.0,0.0,0.0,0.0,0.0,0.0,0.0,0.0,0.0,0.0,0.0,0.0,0.0,0.0,0.0,0.0,0.0,0.0,0.0,0.0,0.0,0.0,0.0,14.2
Mo1,unknown_structure,0.0,0.0,0.0,1.3680370468,2.91,15.435689,42.0,4.65,5.55,9.4,5.0,6.0,52.0,95.94,154.0,600.0,7.131,15.72,29.6,209.0,2.16,292.0,0.5,23781.02,5100.0,2895.0,27632.88,662770.0,6.82,450.0,1.38,1.89,28.56,0.747,329.0,230.0,120.0,4.6,0.2777777778,1.0,0.0,5.0,6.0,1.0,0.0,5.0,6.0,4.45,265.44,117.4941,307.1617138934,15.955848,465.95605,165.17585,99.53845,2.2591772693,2.454567128,1874.7180004968,0.3071367579,1.2247448714,22.9024438741,1.5030559768,23.0205364297,0.68017476,229.0,0.0,0.0,2.95,465.95605,165.17585,99.53845,165.17585,465.95605,116.489,43.97761668497144,44.42840874758478,21.321567344534653,21.54012382953573,263.59744077038675,280.2062785295979,15.168175572827304,15.411186896244843,18.881429003356253,18.416167929587203,13.4
W1,unknown_structure,0.0,0.0,0.0,1.6291908353,3.34,16.974449,74.0,4.8,5.93,9.55,6.0,6.0,51.0,183.85,162.0,800.0,7.98,17.7,24.0,210.0,2.36,502.0,0.27,24785.86,5645.0,3695.0,35252.86,845315.0,8.9,400.0,1.74,1.89,32.6176,0.816,411.0,310.0,161.0,4.55,0.2786434464,2.0,0.0,4.0,20.0,0.0,0.0,6.0,6.0,5.54,307.08,146.59949,379.420265215,16.229213,517.76099,201.739015,139.4478,2.0946866868,3.0110207234,2379.1943489014,0.2940708907,1.2247448714,28.5757888413,1.4473032463,33.4113723603,0.68017476,229.0,14.0,0.0,3.39,517.76099,201.739015,139.4478,201.739015,517.76099,145.6355291667,54.60610202841789,52.673104197849526,26.96739051154842,26.012773620421772,355.4757901979481,337.604509534875,17.02791881220728,16.807476917357693,21.109171657545474,20.379835879371495,14.0
W97.13 Fe0.86 Ni2.01,unknown_structure,0.0,0.0,0.0,1.59498598709232,3.3069039999999994,16.6606031249,72.6626,4.809157999999999,5.915274999999999,9.469548999999999,5.9426,6.0976,51.350199999999994,180.23348399999995,160.9782,787.622,7.972277,17.695973,24.301519999999996,208.9177,2.3463969999999996,523.9300999999999,0.279384,24814.468191999997,5572.675499999999,3639.2609,34727.53797699999,833172.7816000001,8.770622,401.60699999999997,1.7152329999999998,1.8732719999999998,32.51506288,0.8171522999999999,405.0389,306.183,158.6121,4.561629999999999,0.27948974996822995,2.0,0.0,4.0976,19.6958,0.0,0.0,5.9024,5.9024,5.468073999999999,303.911075571,144.94007757679998,375.1735131215603,16.0806102793,510.83944665599995,200.44633154049998,138.78518257099998,2.0983272539955498,3.00156404144164,2339.039863730163,0.29435495869415995,1.21434034578698,28.09956037839246,1.4485305006179896,32.97490415913935,0.6813869053739999,228.9196,0.0,0.0,3.346598,510.83944665599995,200.44633154049998,138.78518257099998,200.44633154049998,510.83944665599995,144.25564089994933,53.96210283264995,52.12449820338172,26.49973369581748,25.597321989127174,350.1137085361604,333.440178382535,16.903698238297327,16.695605886453002,20.960897785492456,20.26731614895393,72.511
W92.5 Fe2.19 Ni5.33,unknown_structure,0.0,0.0,0.0,1.5392507087429714,3.252988402319536,16.150899569386123,70.49770045990802,4.824162167566487,5.891304739052189,9.33893321335733,5.849630073985203,6.256948610277944,51.92121575684863,174.37766646670667,159.31813637272546,767.5931813637272,7.959597080583885,17.690698860227954,24.79338532293541,207.14507098580287,2.3244151169766045,557.8404319136173,0.2945260947810438,24861.44118676265,5455.5008998200365,3548.9285142971407,33878.114360127984,813510.1905618877,8.561171765646872,404.19716056788644,1.6751879624075185,1.8464377124575087,32.35058188362328,0.8196548690261947,395.376824635073,300.00699860028,154.74065186962608,4.580878824235153,0.2808748829830034,2.0,0.0,4.256948610277944,19.204359128174364,0.0,0.0,5.743051389722055,5.743051389722055,5.351335732853429,298.78238893821236,142.25970108138372,368.3124487671131,15.839643600879826,499.62639869626076,198.35971402119577,137.73306844531095,2.104076997125625,2.986531577010618,2274.0601495526257,0.2948041884592481,1.1971602781109978,27.32483656431067,1.4504695012912219,32.271590909502955,0.6833884132113577,228.7868426314737,0.0,0.0,3.275818836232754,499.62639869626076,198.35971402119577,137.73306844531095,198.35971402119577,499.62639869626076,142.03315974274966,52.91407825925935,51.23389064189846,25.737695656894974,24.920443255176146,341.448706377539,326.7202187541318,16.70012125375176,16.513251348727934,20.718104580460395,20.084049779499153,95.915
W90 Fe2.95 Ni6.78,unknown_structure,0.0,0.0,0.0,1.5130959733072797,3.2276616865536947,15.908300973127442,69.45292289180787,4.831038804772886,5.880009024365787,9.276682041512084,5.804873157525318,6.331093953674922,52.18840870349945,171.5549553795247,158.5292289180788,757.9112604030882,7.95383936628898,17.68563120425148,25.023090343928605,206.3314950365988,2.313730071192219,577.425548982252,0.3019312142785521,24882.764828035695,5399.155720445202,3505.54787927404,33466.28895417627,804036.3059260001,8.460134362779504,405.4697683746114,1.655768575152913,1.8329930813195625,32.26816404291588,0.8195709415421638,390.73949664093044,297.02095658277347,152.88458838864935,4.589311140078211,0.2815125600986363,2.0,0.0,4.331093953674922,18.965206056352148,0.0,0.0,5.668906046325077,5.668906046325077,5.295624185300311,296.3053253875463,140.95444706286975,364.9743268455885,15.724200363982757,494.2330073247769,197.34076193723052,137.1837917276647,2.107142414419051,2.978718711079595,2242.6607822375167,0.2950424735732778,1.1895539935141481,26.95872849553976,1.4515017391026372,31.925658414799926,0.6842745586282963,228.7280657775995,0.0,0.0,3.242720344931315,494.2330073247769,197.34076193723052,137.1837917276647,197.34076193723052,494.2330073247769,140.93790204973192,52.41387433264197,50.80797833102553,25.37584421736666,24.598359872139916,337.29002318986426,323.47238784554713,16.600479754953515,16.42485420286285,20.600256719853316,19.994367773594362,100.0
W95 Fe1.49 Ni3.48,unknown_structure,0.0,0.0,0.0,1.5699441343521758,3.2826738021406423,16.430812554066218,71.68330499149745,4.815861758527559,5.904494348304491,9.410644193257978,5.900570171051315,6.1690507152145635,51.60658197459237,177.58535260578174,160.23006902070622,778.5582674802441,7.966623987196159,17.69300990297089,24.522260678203462,208.12543763128943,2.336435930779234,540.0065019505852,0.28625587676302894,24835.408527558273,5519.717915374613,3598.447834350305,34342.86646794039,824281.8756626988,8.675886766029809,402.7838351505452,1.6970971291387418,1.8610203060918276,32.43996398919676,0.8179886966089827,400.6741022306692,303.3880164049215,156.8636590977293,4.570141042312694,0.28010927009207764,2.0,0.0,4.169050715214564,19.473041912573773,0.0,0.0,5.8309492847854365,5.8309492847854365,5.415410623186956,301.5906576983095,143.72492613444035,372.0637263890096,15.97180255736721,505.7713327208162,199.4997115574672,138.2997522896869,2.1009946715019505,2.9946363189374012,2309.636997240787,0.2945630865107432,1.2067256600976493,27.750892129954366,1.4494296926099628,32.65526846086681,0.68227402953286,228.86075822746824,0.0,0.0,3.3148234470341102,505.7713327208162,199.4997115574672,138.2997522896869,199.4997115574672,505.7713327208162,143.24510505371492,53.48989438683381,51.72265582449415,26.156822015549434,25.29263364755908,346.19386771294785,330.3953892848291,16.811960694538786,16.613334729495158,20.851573074078384,20.18449858942599,110.043
Hf4 Ti26 Nb51 Cr2 Al2 Si15,unknown_structure,0.0,0.0,0.0,0.519567417634,1.9708999999999994,5.974358570000001,32.35,4.0794999999999995,3.9482999999999993,10.431400000000002,4.42,6.23,53.57,72.763,154.09,554.09,6.20175,14.3704,28.695200000000003,201.63,1.6188000000000002,431.75,0.99,24159.4092,4185.21,2322.99,19751.229299999995,595551.35,6.2236,325.69,0.6300000000000001,2.0135,32.08560000000001,0.7252299999999999,100.86,139.42,41.425,4.3779,0.35847900415300005,1.47,0.32,0.0,5.09,0.0,0.7,0.0,6.79,3.4102000000000006,140.1636112,32.17493956,88.094866073951,17.500384439999998,204.69761801666795,107.89315839332097,26.008913130837,4.899319763951,0.622757944468,562.899413293267,0.38317292866300007,1.2168197653229997,6.279407697151,2.1533310944440003,3.2686219234400005,0.7085184578,218.12,0.0,0.0,2.2435,202.82868212499997,110.92618009999998,26.434911814999996,106.37664754,208.43548979999997,32.088360845815,22.56254636173244,20.278669043083173,8.19146864583534,7.362293199646318,122.45270859154304,108.2059412504218,9.688709674723976,9.361540213997372,10.75790189023594,10.161442096645208,13.5
Ti27 Nb41 Cr8 Al9 Si15,unknown_structure,0.0,0.0,0.0,0.55342800388,1.9576999999999998,6.556107399999999,27.94,4.1415,3.9202,10.053,4.17,6.88,55.77,61.819700000000005,149.1,504.99,6.15625,14.8269,29.177400000000002,198.54,1.6345,462.49,1.1016,23999.1738,3923.08,2160.58,17932.064700000003,549513.28,5.7408,360.07,0.7913000000000001,2.2359,30.416800000000002,0.69804,110.04,134.04,45.585,4.4048,0.34397276864,1.51,0.39,0.0,4.48,0.0,1.05,0.0,6.56,3.2782,132.4240667,33.20690821,90.384554467315,16.797816495,196.16348175,100.551613999986,27.569288812505,4.496817532154999,0.691428684528,544.698619872496,0.37488181382899993,1.179321359081,6.335870039304999,2.06131035334,3.688918466834,0.7109306873999999,218.89,0.0,0.0,2.1069000000000004,194.436001875,103.633047,28.054985375,99.01089750000001,199.61844150000002,32.86575627081401,23.326689691198517,20.3955875121514,8.76991954844082,7.667940200372332,125.09414829887226,106.1222591315909,9.845689315295026,9.315434199490701,11.171696344158892,10.254945584512908,19.6
Nb83.5 Si16.5,unknown_structure,0.0,0.0,0.0,0.559989267294,2.0229500000000002,6.221040145000001,36.545,4.15725,4.24005,10.437000000000001,4.67,6.485,54.115,82.2147,155.255,635.385,7.089385,14.302600000000002,28.9844,207.495,1.6495,401.655,0.8640000000000001,24068.656499999997,4747.875,2574.605,23141.071949999998,675592.515,7.0849,279.125,0.6951,2.22615,33.3891,0.9950450000000001,95.43,158.45,38.9735,4.39075,0.3815535968215,1.165,0.33,0.0,4.835,0.0,0.66,0.0,6.505,3.6826999999999996,160.08965,25.297603199999998,71.74021988125149,17.724667635,225.549336625,127.35357274999451,16.5921976562555,6.3666978714915,0.480305544825,447.4831117887605,0.4186902784725,1.2145766214125002,4.8877929005975,2.500417292647,0.905988632035,0.6901252070999999,228.67,0.0,0.0,2.47305,225.1017431875,129.2623615,17.4030636875,126.399178375,226.4445235,25.9535406770555,22.581679572179123,18.76542761015207,8.401145766378388,6.981371435078595,126.88993543381045,102.75847861948088,9.743535860904101,8.849610172553051,10.568359034328132,9.32682358769398,13.0
Nb9 Si1,unknown_structure,0.0,0.0,0.0,0.57478531846,2.0729999999999995,6.076882299999999,38.3,4.115,4.307,10.58,4.8,5.9,52.1,86.428,158.7,656.9,7.0069,14.144,28.636000000000003,207.3,1.6300000000000001,420.7,0.76,24400.67,4892.5,2643.7,24580.703,693962.1,7.275999999999999,277.5,0.634,1.621,34.524,0.9643,99.2,163.0,38.589999999999996,4.3549999999999995,0.38723885321,1.1,0.2,0.0,4.9,0.0,0.4,0.0,6.7,3.658,166.251,25.183003000000003,71.69393871260999,17.9677729,234.0883525,132.32576833333002,15.635969791669998,6.626942197709999,0.4701230904,451.88901326317,0.42396156225,1.21858229565,4.88252089155,2.55970187178,0.7485672927,0.6862053340000001,228.8,0.0,0.0,2.657,233.81708375000002,133.48261,16.12740375,131.7473475,234.63089,26.491146874969996,22.851853218901898,19.039593566774403,8.508629443661247,7.089177620115337,128.3552291699295,104.71725918722034,10.030617592977144,8.922505760131727,10.80275692401836,9.349025729953414,21.0
Ti42.5 Nb42.5 Si15,unknown_structure,0.0,0.0,0.0,0.4838445267625,1.95375,5.5638062249999996,28.875,4.04125,3.873,10.3765,4.275,5.925,52.8,64.045,154.35,527.725,5.7741,14.125749999999998,28.921,198.95,1.6195,456.2,1.0525,24198.655,4070.225,2248.85,18668.9415,573602.05,5.973000000000001,340.375,0.545,1.891,31.29225,0.630525,100.975,134.0,41.435,4.39525,0.3520717834425,1.575,0.3,0.0,4.425,0.0,0.6,0.0,6.975,3.3114999999999997,135.66252825,33.4732116,91.3461449986725,17.3355186625,198.82925500000002,104.0765216666475,28.118577500005003,4.5424026193975,0.6477454402249999,579.2130498720476,0.3761636069325,1.231883623535,6.6008766506975,2.0719033531649997,3.4538099475574997,0.7148505605,213.825,0.0,0.0,2.184,196.34366624999998,107.93075625,28.459920625,102.14940437499999,203.80043250000003,33.0260791666525,22.355516903719064,20.47754218217722,7.866619404861444,7.205784209238542,119.87415093204116,108.40969385522612,9.592062819531547,9.430244943211706,10.736027356440829,10.315130440713592,13.0
Ti8 Nb8 Al1 Si3,unknown_structure,0.0,0.0,0.0,0.466554121145,1.8909999999999996,5.440867150000001,27.95,4.055000000000001,3.81,10.342000000000002,4.2,6.35,54.15,61.8745,152.3,514.5,5.805350000000001,14.379999999999999,28.937,198.3,1.6215,436.55,1.105,24168.301,3987.35,2178.1,18145.591500000002,559440.2,5.832,344.4,0.6445000000000001,2.0505,31.0325,0.6273500000000001,98.95,130.8,40.685,4.3934999999999995,0.351406747755,1.6,0.35,0.0,4.35,0.0,0.85,0.0,6.85,3.22,132.113056,32.89330305,89.74566357711,17.273525799999998,193.20505625,101.56464833331499,27.987518437505003,4.463061430360001,0.6382161072700001,567.703563930905,0.37510466362000006,1.2050380357450001,6.38606178451,2.0551414505700003,3.3874268546049997,0.7163582039999999,214.5,0.0,0.0,2.0934999999999997,190.84174312500002,105.29423749999998,28.352144375,99.69985375,197.93168250000002,32.430095312485,21.782449066371814,19.9538113279862,7.650625786628653,7.008355351698832,117.28735641356327,105.98801973998826,9.480759132850887,9.328528310600339,10.624992806226437,10.219631053435272,16.0
Mo1 Fe1 Co1 Ni1,unknown_structure,0.0,0.0,0.0,0.6950512120000001,2.455,8.732776999999999,30.75,4.97,5.455,7.4475,4.25,8.25,59.5,67.35249999999999,134.0,425.0,7.63025,16.775,32.4725,189.5,1.945,1190.5,0.5775,24900.99,3630.0,2051.0,18966.205,482528.75,4.9825,453.75,1.0225,1.515,28.92,0.67975,237.25,190.0,88.25,4.8125,0.300503935775,1.75,0.0,6.5,8.25,0.25,0.0,3.5,3.75,3.4825,217.95110999999997,98.4747845,256.684808647925,12.271283,350.02710583332504,151.91098166667499,103.07684625,2.219462289325,2.7042204588249996,1230.32036696745,0.3037502077,1.098974095475,17.3549438596,1.48929912435,20.247780625649998,0.71032763,219.25,0.0,0.0,2.285,346.00536,160.56254,102.55045875,147.5852025,358.0705975,100.326884166675,35.19820069975923,37.26796887610836,13.24305307890915,14.021787482245173,196.6599024908563,222.4967768805364,12.823596808760692,13.410347663280035,16.149334773742208,16.81590900775128,30.0
Ni1 Al1,unknown_structure,0,0,0,0.21874550955,1.42,4.0262355,20.5,4.7,4.03,8.3,3.5,11.5,70.0,42.835,122.5,335.5,6.805,18.485,32.3,173.5,1.76,310.5,1.2349999999999999,25225.47,2865.5,1330.5,14151.385,369066.5,3.915,439.0,1.6400000000000001,2.54,29.05,0.795,135.0,128.0,51.0,4.715,0.33069587889999996,2.0,0.5,0,6.5,0,2.5,0,3.5,2.14,136.436665,57.656752999999995,151.16977386115,13.74925,188.23970000000003,110.53455,75.85493749999999,2.6878563984,1.63981134145,694.8624287612,0.3291289642,0.7071067812,6.4886645435,1.6312230752999999,11.06891856205,0.7404805,225.0,0,0,1.1949999999999998,188.23970000000003,110.53455,75.85493749999999,110.53455,188.23970000000003,63.52081666665,20.80403167621197,22.09427408982265,5.773749127004216,6.131830489556962,125.05562785933886,137.27890494057058,10.341759734313262,10.917638280999219,12.311634919584687,13.02055209764669,"6,7"
V1,unknown_structure,0.0,0.0,0.0,0.6075919971,2.47,5.156981,23.0,4.25,4.41,8.36,4.0,5.0,50.0,50.94,153.0,453.0,6.74,14.2,29.7,179.0,1.63,497.0,0.84,24743.99,3665.0,2202.0,17584.56,514558.0,5.31,380.0,0.31,0.5,30.89,0.528,128.0,160.0,47.0,4.3,0.3662239089,2.0,0.0,3.0,5.0,0.0,0.0,7.0,7.0,3.3,187.19,30.416027,86.5597877485,13.453199,272.033,144.76925,17.63185,6.154321207,0.753625637,409.1928640204,0.4229305449,1.2247448714,5.9288198407,2.48079044,0.8030492236,0.68017476,229.0,0.0,0.0,2.63,272.033,144.76925,17.63185,144.76925,272.033,32.9651916667,27.06820615426628,22.82000163455389,9.492968143108081,8.003099551846399,133.73544116441383,116.36708598937562,10.558833122282557,9.331043450792684,12.158391356190446,10.267204132186825,3.6399999999999997
Mo1 Si1,unknown_structure,0.0,0.0,0.0,0.86897698225,2.145,11.7543015,28.0,4.675000000000001,4.465,9.0,4.0,10.0,66.0,62.015,132.5,479.5,7.64,16.03,31.53,209.5,2.0300000000000002,224.5,1.35,21792.29,3995.0,2291.0,16140.115000000002,551192.0,5.725,375.0,1.43,5.945,23.685,1.0685,188.0,165.0,81.95,4.725,0.2931488482,1.5,1.0,0.0,5.0,0.0,2.0,0.0,5.0,4.225,173.19,72.1319375,189.7482343936,15.278773999999999,290.9059375,114.32791666665,64.20724895835,2.6413682442999997,1.5328390244499999,1132.80111205715,0.329055657,1.19393199265,13.928980907,1.6209472226,12.97439190275,0.71032763,228.0,0.0,0.0,1.53,289.54959375,120.11212499999999,66.66441875,111.4358125,293.618625,67.768184375,31.539451615750604,30.37135687932852,14.194811451838186,13.669092592062078,183.17429788889393,176.0651047598846,11.694215836215676,12.447199115921453,14.3413713354246,14.587270614733368,11.5
Cr23 Fe15 Co15 Ni15 Cu8 Al23,BCC,0.0,0.0,0.0,0.6194072649030302,2.097070707070707,7.9340962121212115,23.21212121212121,4.723232323232324,4.552828282828283,7.667676767676768,3.7676767676767677,9.393939393939394,63.41414141414141,49.767575757575756,128.94949494949495,337.73737373737373,7.12789898989899,17.62777777777778,31.980909090909087,181.15151515151516,1.7647474747474747,995.969696969697,0.9297979797979797,24535.601111111107,2950.5353535353534,1626.4343434343434,14053.692929292927,384360.9494949495,4.008484848484848,480.3333333333333,1.5036363636363634,2.136161616161616,27.92242424242424,0.6563131313131313,185.5252525252525,146.44444444444446,71.93939393939394,4.623939393939394,0.2973054238242424,1.6868686868686869,0.0,5.151515151515151,7.070707070707071,0.0,0.0,2.525252525252525,4.0,2.8673737373737374,150.69737222222224,65.38879418181818,171.05338985334043,12.53935307070707,224.09436010101012,113.9971765151515,78.32149343434344,2.477461103971717,1.8908228248848482,763.1551451350141,0.3178777596707071,0.9057961491555557,9.538183098462627,1.567747881021212,12.900305690962625,0.7173328422222223,221.83838383838383,0.0,0.0,1.880909090909091,224.09436010101012,113.9971765151515,78.32149343434344,113.9971765151515,224.09436010101012,70.56385955386162,29.304655432116707,28.356791637769867,11.261681275185666,10.897420382613513,156.44644284239433,151.30398246626189,11.320061517450856,11.239364853538044,14.265831763501474,13.794220797876502,5.0
Cr23 Fe15 Co15 Ni15 Cu8 Al23,FCC,0.0,0.0,0.0,0.5683985843424242,2.197070707070707,8.323150454545454,23.21212121212121,4.723232323232324,4.552828282828283,7.667676767676768,3.7676767676767677,9.393939393939394,63.41414141414141,49.767575757575756,128.94949494949495,337.73737373737373,7.12789898989899,17.62777777777778,31.980909090909087,181.15151515151516,1.7647474747474747,995.969696969697,0.9297979797979797,24535.601111111107,2950.5353535353534,1626.4343434343434,14053.692929292927,384360.9494949495,4.008484848484848,480.3333333333333,1.5036363636363634,2.136161616161616,27.92242424242424,0.6563131313131313,185.5252525252525,146.44444444444446,71.93939393939394,4.623939393939394,0.2973054238242424,1.6868686868686869,0.0,5.151515151515151,7.070707070707071,0.0,0.0,2.525252525252525,4.0,2.8673737373737374,150.8180797979798,79.0807666060606,198.9055755369162,12.401470494949494,233.65210656566165,109.39918510101515,98.66789090908586,2.28732251150202,2.3589096623545456,895.0822112099384,0.2939495534888889,0.827366135488889,10.072258151205052,1.4947988487484847,31.082837805917173,0.7264700755555556,221.83838383838383,0.0,0.0,1.8733333333333335,233.65210656566165,109.39918510101515,98.66789090908586,109.39918510101515,233.65210656566165,86.48741418348284,29.99522328847355,31.3739775828652,10.788015910733717,11.283895642044312,156.15840645211415,166.1528020009819,11.299219946380294,11.633366533373295,14.265831763501474,14.755262495387072,5.0
Cr1 Fe1 Ni2 Cu1 Al1,BCC,0.0,0.0,0.0,0.5448235287666666,2.03,7.055603666666666,24.666666666666668,4.7716666666666665,4.555,7.439999999999999,3.8333333333333335,9.666666666666666,64.16666666666667,52.626666666666665,128.66666666666666,339.1666666666667,7.270666666666666,18.013333333333332,33.20499999999999,172.16666666666666,1.8033333333333335,942.8333333333334,0.8333333333333334,24896.67,2998.5,1615.1666666666667,14695.669999999998,385813.6666666667,4.023333333333333,461.8333333333333,1.656666666666667,2.3649999999999998,28.645,0.802,181.66666666666666,151.0,70.5,4.6816666666666675,0.3041324053666667,1.6666666666666667,0.0,6.166666666666667,8.0,0.3333333333333333,0.0,0.0,3.3333333333333335,2.7716666666666665,155.88999833333332,66.51303366666667,174.40507300545002,12.229343666666667,225.59652333333335,121.03443083333333,82.60479333333332,2.48073690715,1.9336197259166665,769.7780560452001,0.3188647653166667,0.8796528112666667,9.434014422799999,1.5699420204,12.6261607641,0.7203785866666667,226.33333333333334,0.0,0.0,1.7716666666666667,225.59652333333335,121.03443083333333,82.60479333333332,121.03443083333333,225.59652333333335,72.49687763888333,28.68198912549048,28.158837369197553,10.50688980381412,10.315246963772855,156.6090627295254,154.55973438523455,11.282434747466755,11.319224693603093,14.148600181090112,13.933581121886649,42.5
Cr1 Fe1 Ni2 Cu1 Al1,FCC,0.0,0.0,0.0,0.48871398015,2.14,7.483563333333334,24.666666666666668,4.7716666666666665,4.555,7.439999999999999,3.8333333333333335,9.666666666666666,64.16666666666667,52.626666666666665,128.66666666666666,339.1666666666667,7.270666666666666,18.013333333333332,33.20499999999999,172.16666666666666,1.8033333333333335,942.8333333333334,0.8333333333333334,24896.67,2998.5,1615.1666666666667,14695.669999999998,385813.6666666667,4.023333333333333,461.8333333333333,1.656666666666667,2.3649999999999998,28.645,0.802,181.66666666666666,151.0,70.5,4.6816666666666675,0.3041324053666667,1.6666666666666667,0.0,6.166666666666667,8.0,0.3333333333333333,0.0,0.0,3.3333333333333335,2.7716666666666665,156.0227766666667,81.57420333333334,205.04247725738333,12.077672833333333,236.11004444445004,115.97664027778332,104.98583055554998,2.271584455433333,2.4485152471333334,914.8978287276167,0.29254373851666665,0.7933797962333333,10.021496980816666,1.4896980848999999,32.62694609055,0.7304295433333334,226.33333333333334,0.0,0.0,1.7633333333333334,236.11004444445004,115.97664027778332,104.98583055554998,115.97664027778332,236.11004444445004,90.01278773146667,29.448836072383497,31.41691271985489,9.95115821793802,10.616197815967597,156.28366081016514,170.88382846031848,11.25899213272981,11.731346628184324,14.148600181090112,14.974402369653262,42.5
Ti0.2 Cr1 Fe1 Ni1 Al0.2,BCC,0.0,0.0,0.0,0.8035279660941177,2.4917647058823524,9.659005294117646,24.999999999999996,4.81764705882353,5.097647058823529,7.363529411764706,3.941176470588235,8.058823529411764,59.23529411764705,53.38529411764706,132.70588235294116,355.17647058823525,7.132941176470588,16.852352941176466,32.09294117647058,182.41176470588232,1.7735294117647058,1417.5882352941176,0.75,24799.161176470585,3036.0588235294117,1837.5882352941176,15306.45,410380.3529411764,4.2552941176470584,505.76470588235287,0.9317647058823529,1.178235294117647,27.183529411764706,0.6140588235294118,213.88235294117646,160.94117647058823,84.41176470588235,4.668235294117647,0.2797782497470588,1.7058823529411764,0.0,5.705882352941176,7.470588235294118,0.0,0.0,3.705882352941176,4.294117647058823,3.2552941176470584,164.52391882352939,72.38616058823527,189.2223278542706,11.947687941176468,249.9709088235294,121.7983838235294,83.48315588235293,2.3333409115823525,2.112230093523529,834.0017768948469,0.31039385377058826,1.011599775435294,11.585131403058822,1.524510292370588,14.30961383712941,0.7050065352941175,225.52941176470586,0.0,0.0,2.224117647058823,249.9709088235294,121.7983838235294,83.48315588235293,121.7983838235294,249.9709088235294,77.0175247549,34.17841228166362,32.345265468719006,13.724099866938467,12.9880127215122,176.23103323793268,165.0021509004934,11.696118584971252,11.587508315370354,15.233054567152573,14.470538897794933,32.35
Ti0.2 Cr1 Fe1 Ni1 Al0.2,FCC,0.0,0.0,0.0,0.7045111155941177,2.685882352941176,10.414228235294118,24.999999999999996,4.81764705882353,5.097647058823529,7.363529411764706,3.941176470588235,8.058823529411764,59.23529411764705,53.38529411764706,132.70588235294116,355.17647058823525,7.132941176470588,16.852352941176466,32.09294117647058,182.41176470588232,1.7735294117647058,1417.5882352941176,0.75,24799.161176470585,3036.0588235294117,1837.5882352941176,15306.45,410380.3529411764,4.2552941176470584,505.76470588235287,0.9317647058823529,1.178235294117647,27.183529411764706,0.6140588235294118,213.88235294117646,160.94117647058823,84.41176470588235,4.668235294117647,0.2797782497470588,1.7058823529411764,0.0,5.705882352941176,7.470588235294118,0.0,0.0,3.705882352941176,4.294117647058823,3.2552941176470584,164.75823352941174,98.96469529411765,243.2883353576823,11.680033529411764,268.5241813725588,112.87287107844116,122.9791039215588,1.9642483497294112,3.0208692486117643,1090.0954933932292,0.2639449829470588,0.8593532783176471,12.621865328970587,1.382903347370588,49.6051173543941,0.7227435176470587,225.52941176470586,0.0,0.0,2.2094117647058824,268.5241813725588,112.87287107844116,122.9791039215588,112.87287107844116,268.5241813725588,107.92795433004704,35.48475916903069,38.0065541149037,12.850715123458686,13.763976737968248,175.5668123170843,192.34064038058847,11.652035505424346,12.070484351705893,15.233054567152573,16.171169141323166,32.35
Ti1 Mo1 Cr1 Fe1 Co1 Ni1 Cu1 Al1 Si1,BCC,0.0,0.0,0.0,0.559299212488889,2.06,7.464989111111112,25.0,4.631111111111112,4.4188888888888895,8.146666666666667,3.888888888888889,9.0,62.333333333333336,54.21111111111111,133.22222222222223,379.55555555555554,6.9959999999999996,16.956666666666663,31.973333333333333,185.33333333333334,1.8211111111111107,787.6666666666666,0.9788888888888891,24064.23888888889,3273.6666666666665,1806.7777777777778,14839.881111111114,432310.3333333333,4.4877777777777785,437.3333333333333,1.4566666666666666,2.9555555555555557,27.8,0.7255555555555556,176.77777777777777,149.55555555555554,69.98888888888888,4.635555555555555,0.30408440513333335,1.6666666666666667,0.3333333333333333,0.0,6.777777777777778,0.0,1.0,0.0,4.333333333333333,3.101111111111111,156.41148111111113,65.62573566666667,172.36454960963334,13.464688333333335,232.62250722222223,118.30339648147778,77.49260087963336,2.5690506959,1.7450571897666667,847.9100585857221,0.32402437307777776,0.9303208482333335,9.975999105277777,1.5973403299777782,12.188297530266668,0.7203785866666668,219.66666666666666,0.0,0.0,1.7955555555555551,232.32109750000004,119.5887761111111,78.03863861111112,117.66070666666666,233.22532666666666,69.72240384258889,28.78722955227198,28.283632110750318,10.606531029099333,10.420982715741301,157.80298312085546,156.2682652096267,11.308637771541541,11.526891311573038,13.956698604776467,13.877475392646149,51.0
Ti1 Mo1 Cr1 Fe1 Co1 Ni1 Cu1 Al1 Si1,FCC,0.0,0.0,0.0,0.5218928467444446,2.1333333333333333,7.750295555555557,25.0,4.631111111111112,4.4188888888888895,8.146666666666667,3.888888888888889,9.0,62.333333333333336,54.21111111111111,133.22222222222223,379.55555555555554,6.9959999999999996,16.956666666666663,31.973333333333333,185.33333333333334,1.8211111111111107,787.6666666666666,0.9788888888888891,24064.23888888889,3273.6666666666665,1806.7777777777778,14839.881111111114,432310.3333333333,4.4877777777777785,437.3333333333333,1.4566666666666666,2.9555555555555557,27.8,0.7255555555555556,176.77777777777777,149.55555555555554,69.98888888888888,4.635555555555555,0.30408440513333335,1.6666666666666667,0.3333333333333333,0.0,6.777777777777778,0.0,1.0,0.0,4.333333333333333,3.101111111111111,156.5,75.66651544444444,192.78948577758888,13.363574444444444,239.63152129630004,114.9315361111111,92.41329236111113,2.429615728088889,2.088320870577778,944.6565737073332,0.30647702187777776,0.8728055048777779,10.367654143955555,1.5438443729777778,25.522154414566668,0.7270792244444445,219.66666666666666,0.0,0.0,1.79,239.33011157407782,116.21691574074443,92.9593300925889,114.28884629629998,240.23434074074444,81.39967723764444,29.2951428700214,30.512710962285265,10.245707070819492,10.67154032472992,157.60485710980242,167.63427136408245,11.29443946395693,11.841164235869208,13.956698604776467,14.586811041723392,51.0
Zr61 Ti2 Cu25 Al12,BCC,0.0,0.0,0.0,0.093493864055,1.4113,1.7722790000000002,33.65,3.7970000000000006,2.8972,11.731599999999998,4.49,6.83,55.0,75.7267,157.47,472.46,6.8976,15.4835,28.3111,174.28,1.5103,195.27,0.883,24897.226500000004,3975.64,1788.46,18834.9549,504169.97,5.1888,323.02,1.4316,2.0589999999999997,36.1977,0.62661,84.7,106.34400000000001,36.13,4.1982,0.347582024783,1.75,0.12,0.0,5.63,0.0,0.6,0.0,5.89,2.2869,102.99820090000001,34.86654721,93.98139004313299,19.51851501,129.630445,89.68354249999999,51.0773805,2.9811111349609996,0.685500181577,648.4876100509889,0.34896649012,0.7071067812000001,3.923865234561,1.726271625382,4.012352524222,0.7404805,205.47,0.0,0.0,1.7516999999999998,129.630445,89.68354249999999,51.0773805,89.68354249999999,129.630445,40.70940408330901,17.68115731290913,17.387713107237925,3.2179372734646767,3.1645309816478977,101.71030082697965,98.33174641963232,8.903173192246122,9.39695737668349,9.815244929488895,10.344718564250266,106.0
Zr61 Ti2 Cu25 Al12,FCC,0.0,0.0,0.0,0.093493864055,1.4113,1.7722790000000002,33.65,3.7970000000000006,2.8972,11.731599999999998,4.49,6.83,55.0,75.7267,157.47,472.46,6.8976,15.4835,28.3111,174.28,1.5103,195.27,0.883,24897.226500000004,3975.64,1788.46,18834.9549,504169.97,5.1888,323.02,1.4316,2.0589999999999997,36.1977,0.62661,84.7,106.34400000000001,36.13,4.1982,0.347582024783,1.75,0.12,0.0,5.63,0.0,0.6,0.0,5.89,2.2869,102.99820090000001,34.86654721,93.98139004313299,19.51851501,129.630445,89.68354249999999,51.0773805,2.9811111349609996,0.685500181577,648.4876100509889,0.34896649012,0.7071067812000001,3.923865234561,1.726271625382,4.012352524222,0.7404805,205.47,0.0,0.0,1.7516999999999998,129.630445,89.68354249999999,51.0773805,89.68354249999999,129.630445,40.70940408330901,17.68115731290913,17.387713107237925,3.2179372734646767,3.1645309816478977,101.71030082697965,98.33174641963232,8.903173192246122,9.39695737668349,9.815244929488895,10.344718564250266,106.0
Ti0.5 Cr1 Fe1 Co1 Ni1 Al0.25,BCC,0.0,0.0,0.0,0.6300040534842105,2.3684210526315788,8.096848157894737,25.105263157894736,4.806315789473683,5.027368421052631,7.454736842105262,3.9473684210526314,8.052631578947368,59.21052631578947,53.926315789473676,132.89473684210526,363.10526315789474,7.065263157894737,16.70736842105263,32.09894736842106,184.73684210526315,1.7794736842105265,1245.4736842105262,0.7484210526315789,24780.394736842107,3081.315789473684,1820.6842105263158,15255.377894736841,416432.4210526316,4.312105263157895,486.7368421052632,0.9163157894736844,1.2584210526315789,28.02,0.5882631578947368,205.1578947368421,160.8421052631579,79.26315789473684,4.712631578947368,0.2910949216894737,1.7894736842105263,0.0,5.684210526315789,7.526315789473684,0.0,0.0,3.789473684210526,4.2631578947368425,3.189473684210526,170.49912105263155,76.03568357894737,198.35513588517892,12.112048315789474,251.08946368421053,130.20176263157896,93.85690342105262,2.3322729360684207,2.2239830486052634,877.1206193284631,0.3096945076894737,0.9250596612842107,11.0184964757,1.523299640136842,15.554299407689475,0.7150886094736842,216.89473684210526,0.0,0.0,2.162105263157895,251.08946368421053,130.20176263157896,93.85690342105262,130.20176263157896,251.08946368421053,82.71921912280526,32.546260319221275,32.303346437699645,11.869387580140252,11.780798630746464,171.10859517693342,172.54646465648852,11.711100209961614,11.877491885580142,14.971695535834355,14.812080286283432,3.91
Ti0.5 Cr1 Fe1 Co1 Ni1 Al0.25,FCC,0.0,0.0,0.0,0.5591288341789473,2.5073684210526315,8.637428789473685,25.105263157894736,4.806315789473683,5.027368421052631,7.454736842105262,3.9473684210526314,8.052631578947368,59.21052631578947,53.926315789473676,132.89473684210526,363.10526315789474,7.065263157894737,16.70736842105263,32.09894736842106,184.73684210526315,1.7794736842105265,1245.4736842105262,0.7484210526315789,24780.394736842107,3081.315789473684,1820.6842105263158,15255.377894736841,416432.4210526316,4.312105263157895,486.7368421052632,0.9163157894736844,1.2584210526315789,28.02,0.5882631578947368,205.1578947368421,160.8421052631579,79.26315789473684,4.712631578947368,0.2910949216894737,1.7894736842105263,0.0,5.684210526315789,7.526315789473684,0.0,0.0,3.789473684210526,4.2631578947368425,3.189473684210526,170.66684105263155,95.06031894736843,237.05501494025268,11.920464105263157,264.36970087720005,123.81297456141053,122.12768728069474,2.0680803654789472,2.874377391194737,1060.4298058746738,0.2764468948894737,0.8160832212421054,11.760579706878946,1.421938879505263,40.81844929373158,0.7277845547368421,216.89473684210526,0.0,0.0,2.1515789473684213,264.36970087720005,123.81297456141053,122.12768728069474,123.81297456141053,264.36970087720005,104.84457923975263,33.487344758851116,36.29973874283593,11.181822248163671,12.120914010952987,170.65450364684085,192.51137795935833,11.680021049923454,12.235243751586811,14.971695535834355,16.020939937544753,3.91
Nb5 Si3,unknown_structure,0.0,0.0,0.0,0.51218664045,1.86125,6.686780875,30.875,4.29375,4.02375,9.975,4.25,8.375,60.625,68.60249999999999,144.125,565.875,7.355874999999999,14.815,30.11,208.125,1.7125,340.125,1.2000000000000002,22995.997499999998,4280.625,2351.375,18489.95625,616244.625,6.4675,284.375,0.8925,4.18125,29.722500000000004,1.0943749999999999,83.25,143.75,40.2125,4.50625,0.3631858454125,1.375,0.75,0.0,4.625,0.0,1.5,0.0,5.875,3.7625,140.18375,25.66785,71.88974365686249,16.939250625,197.96174687500002,111.28955624998751,19.6815492187625,5.5259085098625,0.513202705275,433.24866087143755,0.4016599770375,1.2016352123375,4.9048255452125,2.308882498525,1.414580651425,0.7027894125,228.25,0.0,0.0,1.87875,196.9444890625,115.6277125,21.524426562499997,109.120478125,199.9962625,24.216659114562496,21.682359157071296,17.871173473541916,8.042726567015963,6.629027802656369,121.84288188389954,96.13007518851211,8.81195513159061,8.611492863227689,9.792830400004373,9.258446136333077,21.0
Ti40 Nb1 Al5 Si15,unknown_structure,0.0,0.0,0.0,0.38280363319016397,1.725409836065574,5.1760291147540975,19.60655737704918,4.058196721311476,3.4263934426229503,10.049180327868852,3.6885245901639343,7.213114754098361,57.442622950819676,42.03213114754099,144.81967213114754,402.2950819672131,5.118278688524589,14.686885245901639,29.47213114754098,192.7377049180328,1.6352459016393444,427.95081967213116,1.4278688524590164,23693.166557377048,3266.3934426229507,1812.4590163934427,12615.309344262296,455365.95081967214,4.720819672131147,388.7704918032787,0.7113114754098361,2.9203278688524588,27.683934426229506,0.4421639344262295,95.08196721311475,105.73770491803279,42.40163934426229,4.453278688524589,0.3229056412622951,1.9836065573770492,0.5737704918032787,0.0,3.9344262295081966,0.0,1.3934426229508197,0.0,6.754098360655738,2.964262295081967,104.22681311475408,37.9355606557377,101.3324527547164,16.590542967213114,158.66752336065574,77.00701857920492,36.82496219263114,2.82361865167541,0.755700942080328,637.415258809218,0.3386834165180328,1.1924385834409834,7.352527610219672,1.6742409395016393,5.2294072361524595,0.7394918813114754,205.2295081967213,0.0,0.0,1.5522950819672132,154.7932395491803,83.12109918032787,37.42270963114754,73.94997827868852,166.41609098360655,35.69833493852131,20.789443137641772,19.897324243128637,6.924202325271866,6.627070185516654,106.93413571000181,100.42066264224819,8.84905705759713,9.355808922370299,10.302913350454332,10.698690621527817,16.4
W1 Si2,unknown_structure,0,0,0,0.7896748902333334,2.033333333333333,11.040092333333334,34.0,4.733333333333333,4.2299999999999995,8.916666666666666,4.0,11.333333333333334,70.33333333333333,80.01,128.0,506.0,8.092666666666666,16.793333333333333,30.30666666666667,210.0,2.0533333333333332,272.0,1.5566666666666666,21464.326666666668,3808.3333333333335,2356.3333333333335,14849.186666666666,574847.6666666666,6.053333333333334,333.3333333333333,1.5666666666666667,7.296666666666667,23.412533333333332,1.1986666666666665,168.33333333333334,170.0,82.93333333333334,4.75,0.2985610945333333,2.0,1.3333333333333333,0,9.333333333333334,0,2.6666666666666665,0,4.666666666666667,4.513333333333333,156.32,66.71301333333334,174.6965916675333,15.144204333333334,249.82421333333332,109.5663272222,65.73329861113334,2.7139350417999997,1.4110808550666667,1053.6542653788001,0.3320066676333333,1.1836610330666666,12.8289415737,1.6416600610333332,13.0892890373,0.7203785866666667,227.66666666666666,0,0,1.2033333333333334,248.01575499999998,117.27860500000001,69.009525,105.71018833333333,253.44113000000002,61.243422222233335,31.010153873802242,28.500567047405372,13.664973619306556,12.559095914938116,186.7655472787479,160.62764622540078,11.150886934201147,11.979077158719125,13.594365521568461,14.012091118892837,"3.1,3.7"
Mo1 S1 I2,unknown_structure,0,0,0,0,0,0,0,0,0,0,0,0,0,0,0,0,0,0,0,0,0,0,0,0,0,0,0,0,0,0,0,0,0,0,0,0,0,0,0,0,0,0,0,0,0,0,0,0,0,0,0,0,0,0,0,0,0,0,0,0,0,0,0,0,0,0,0,0,0,0,0,0,0,0,0,0,0,0,0,0,0,0,0,0,"2.4, 4.0"
Nb1 Mo1,BCC,0.0,0.0,0.0,0.98279276045,2.5300000000000002,10.645395,41.5,4.35,4.98,10.100000000000001,5.0,5.5,50.5,94.425,159.0,645.0,7.0055,14.81,28.85,208.0,1.8800000000000001,371.0,0.55,24346.239999999998,5107.5,2822.5,27214.2,692496.5,7.195,362.5,0.96,1.29,32.415,0.8320000000000001,217.0,200.0,79.0,4.449999999999999,0.33688158965000004,1.0,0.0,4.5,5.5,1.0,0.0,5.5,6.5,4.035,220.58499999999998,71.2503975,189.39222540405,17.1488145,356.59067500000003,152.57557500000001,56.85165,4.64324767675,1.45451245195,1166.6926618603,0.36960399374999997,1.2247448714,13.88842699125,2.0769824467,11.763458523250002,0.68017476,229.0,0.0,0.0,2.9450000000000003,356.59067500000003,152.57557500000001,56.85165,152.57557500000001,356.59067500000003,71.90361666665001,34.72228193713228,33.820278182834116,15.30255591435871,14.905031266926246,201.852543968914,201.32018363925687,13.730115466603124,13.435538724084772,15.645442573912165,14.810742800258526,5.86
Nb90.85 Al9.15,BCC,0.0,0.0,0.0,0.5573427164437499,2.0264749999999996,5.56295431,38.437999999999995,4.063725,4.253535,10.726799999999999,4.817,5.732,51.379,86.877405,160.0655,653.6744999999999,6.79765,14.35018,28.13111,204.89549999999997,1.6009149999999999,419.439,0.71895,24861.65838,4886.799,2583.7445,25320.61503,684871.5105,7.187530000000001,288.9995,0.707445,0.9608399999999999,35.540745,0.872714,101.7975,161.39899999999997,36.902,4.29817,0.3914535246631,1.0915,0.0915,0.0,4.817,0.0,0.4575,0.0,6.816999999999999,3.4132100000000003,166.4519,24.828389407499998,70.80552578726454,18.1804041885,233.84455502499998,132.749348275,15.189547062499999,6.67927879695705,0.4552964576166,451.6758545755223,0.42542454494954995,1.1773809861467,4.66583829578615,2.5726336440832,0.66307563022285,0.68569273521,228.634,0.0,0.0,2.7387,233.84455502499998,132.749348275,15.189547062499999,132.749348275,233.84455502499998,26.975565833300003,22.170663857718182,18.715496809801444,8.221560167190644,6.940278562163163,125.14378738020291,104.24436181402234,10.236290031339268,8.899769728928806,10.9644620304187,9.297965380189948,20.0
Nb67.9 Cr32.1,unknown_structure,0.0,0.0,0.0,0.9190075470176999,2.5352000000000006,10.076629138000001,35.543,4.2425999999999995,4.65717,9.654030000000002,4.678999999999999,5.321000000000001,50.284000000000006,79.77789,155.975,577.3290000000001,6.841480000000001,14.731390000000001,29.030900000000003,201.222,1.6192600000000001,669.243,0.6385200000000001,24385.710150000003,4384.725,2551.9430000000007,22629.23532,617528.2080000001,6.456130000000001,388.955,0.6684,0.7188899999999999,32.183670000000006,0.8396390000000001,160.854,166.79,62.717000000000006,4.3642,0.33631106240409997,1.0,0.0,4.321000000000001,5.321000000000001,1.0,0.0,5.679000000000001,6.679000000000001,3.7676600000000007,161.52681893000002,36.644617089,99.69625362835632,16.169589087000006,247.3536037,118.60807142500002,25.107057875,5.460495064338301,0.8748939904869001,539.0549290315128,0.3891477344586,1.2247448714,7.1429228035499,2.2702348370005003,4.6129205092465,0.68017476,229.00000000000003,0.0,0.0,2.94,247.3536037,118.60807142500002,25.107057875,118.60807142500002,247.3536037,38.1956272958,30.956115430658294,24.66454500362863,13.1790736628765,10.500537646342591,162.64004020868018,122.34247010564243,11.695972529991847,9.904818075980499,13.467279119409332,10.83919694661306,10.0
Ta2 Cr23,BCC,0.0,0.0,0.0,1.5239062765999998,3.2756,17.9095546,27.92,4.602,5.111999999999999,7.516400000000001,4.16,5.92,52.6,62.316,141.48,370.76,6.8351999999999995,16.4668,30.28,191.24,1.6472,1091.4,0.688,23368.1804,3058.0,2225.8,15223.2048,426852.36,4.42,598.8,0.9111999999999999,0.7784,24.974543999999995,0.6477600000000001,271.56,163.2,111.32,4.48,0.22090062929600002,1.08,0.0,4.84,7.04,0.0,0.0,5.16,6.08,4.0848,136.7339972,61.18532416,159.486604562656,12.113910720000002,248.68463739999999,80.756812,50.02703447999999,2.236043989964,1.710901201968,740.71880126138,0.303380023912,1.2247448714,11.926500585972,1.492443634932,12.686932168212001,0.68017476,229.0,1.12,0.0,2.9528000000000003,248.68463739999999,80.756812,50.02703447999999,80.756812,248.68463739999999,61.339327219972,43.26787824451195,33.92353468287693,20.868166770878908,16.36137494931965,204.26505288330344,138.61469775755714,11.737585567287269,10.541514037727232,16.89648295054533,13.253439922172051,9.95
Ta9.8 Cr90.2,BCC,0.0,0.0,0.0,1.50701500208,3.2588600000000003,17.66279161,28.802000000000003,4.591200000000001,5.0967,7.58084,4.196000000000001,5.902,52.51,64.6371,142.038,377.906,6.85212,16.461579999999998,30.118000000000002,191.74400000000003,1.6443199999999998,1082.04,0.6808,23389.45874,3107.05,2246.68,15539.72688,433778.166,4.492,591.78,0.90472,0.7780400000000001,25.2973164,0.641406,269.88599999999997,163.92,110.492,4.4755,0.2233343633276,1.098,0.0,4.803999999999999,7.274000000000001,0.0,0.0,5.196000000000001,6.098000000000001,4.08588,137.91539732,61.16809369600001,159.57827615237863,12.235204332,248.923055815,82.409681575,50.426254113000006,2.2562477532433998,1.6989026915808,747.833931150878,0.3045110646472,1.2247448714,11.923141951498199,1.4986165724442,12.549140454817202,0.68017476,229.0,1.372,0.0,2.9556799999999996,248.923055815,82.409681575,50.426254113000006,82.409681575,248.923055815,61.36973178197321,43.06368793750716,33.859474057887645,20.707237177063142,16.281377503588768,204.29132624148124,139.42395182290196,11.785187366886484,10.581736949838499,16.853905152898754,13.262270711446751,8.95
Ta11 Cr89,BCC,0.0,0.0,0.0,1.4957541523999998,3.2477000000000005,17.498282949999997,29.39,4.5840000000000005,5.0865,7.6238,4.22,5.89,52.45,66.1845,142.41,382.67,6.8634,16.458099999999998,30.01,192.08,1.6423999999999999,1075.8,0.6759999999999999,23403.6443,3139.75,2260.6,15750.741600000001,438395.37,4.54,587.1,0.9003999999999999,0.7778,25.512498,0.63717,268.77,164.4,109.94,4.4725,0.224956852682,1.11,0.0,4.78,7.43,0.0,0.0,5.22,6.11,4.086600000000001,138.7029974,61.15660672,159.639390545527,12.316066739999998,249.08200142500002,83.511594625,50.692400535,2.2697169287629997,1.690903684656,752.5773510772101,0.305265091804,1.2247448714,11.920902861849001,1.5027318641190002,12.457279312553998,0.68017476,229.0,1.54,0.0,2.9576,249.08200142500002,83.511594625,50.692400535,83.511594625,249.08200142500002,61.39000148997399,42.927230885386784,33.81661070277681,20.599659052610154,16.22770992734099,204.30270267659964,139.96193962141308,11.816404469386919,10.608499041389795,16.825464379435846,13.268172471396744,9.7
Hf7.5 Ti21 Nb1 Si16,unknown_structure,0.0,0.0,0.0,0.4047077522659341,1.7453846153846153,5.830210362637362,27.846153846153847,4.08901098901099,3.408241758241758,10.361648351648352,4.0,7.538461538461538,58.31868131868132,63.43505494505496,145.32967032967034,441.4065934065934,5.691076923076922,14.77054945054945,28.832967032967034,199.64835164835165,1.6283516483516485,352.14285714285717,1.3587912087912088,23276.764395604398,3289.769230769231,1964.5714285714287,12961.597362637362,488502.92307692306,5.094505494505495,346.9230769230769,0.6717582417582417,3.692197802197802,28.77032967032967,0.5733626373626373,85.23076923076923,107.8021978021978,41.52527472527473,4.441318681318681,0.3283279504813187,1.978021978021978,0.7032967032967034,0.0,6.329670329670329,0.0,1.4065934065934067,0.0,6.571428571428571,3.327032967032967,103.5232234065934,39.47863268131868,104.69026823011208,17.2131815,160.17333928571978,75.19819685895276,38.46265500916374,2.74491986430989,0.7538991789494505,704.3379279921693,0.3319587478450549,1.227661559701099,7.787961627657143,1.6463127562802198,6.340003416193407,0.7391550991208792,206.37362637362637,0.0,0.0,1.4809890109890111,156.17755467032967,81.57332005494507,39.47655188186813,72.01063526098902,168.16490851648354,36.72394661172088,20.77558141183269,20.312107116036284,7.073972686646355,6.916162204983537,107.50951996657494,102.72515434616287,8.500196978296252,9.472662695890271,9.773877923741924,10.846912288397727,12.2
Hf10 Ti21 Nb1 Si16,unknown_structure,0.0,0.0,0.0,0.4064113538562501,1.751875,5.791324562500001,30.145833333333332,4.063541666666667,3.389583333333333,10.5225,4.104166666666667,7.354166666666667,57.625,69.4275,146.875,451.2291666666667,5.681124999999999,14.777291666666665,28.425,200.29166666666666,1.61125,341.6666666666667,1.3083333333333333,23394.614166666666,3299.3125,1992.6666666666667,13420.439166666665,494679.125,5.164583333333333,341.9791666666667,0.64875,3.5170833333333333,29.540625000000002,0.5527708333333333,84.85416666666667,107.91666666666667,40.925000000000004,4.413125,0.33075878639375,1.9791666666666667,0.6666666666666666,0.0,6.9375,0.0,1.3333333333333333,0.0,6.645833333333333,3.3329166666666663,103.87062479166667,40.28728795833333,106.60612109541874,17.48370311458333,161.6427243055625,74.9846680208146,39.209148489587506,2.7062958997104167,0.7572513640666667,731.8465606875772,0.3295608124520833,1.229657061925,7.959563197310416,1.6342857297916666,6.72361744550625,0.7392241304166666,205.72916666666666,0.0,0.0,1.524166666666667,157.60718072916666,81.02963749999999,40.080380156249994,71.96218328125,169.71381145833334,37.74071397569375,20.700677440900183,20.52040245152402,7.05019158664854,6.988793923842017,107.06417523348868,104.21637404724498,8.534888498571961,9.549143588662533,9.76102839529207,10.935969042644048,11.9
Hf12.5 Ti21 Nb1 Si16,unknown_structure,0.0,0.0,0.0,0.4079462820217822,1.7577227722772277,5.756288841584158,32.21782178217822,4.040594059405941,3.3727722772277224,10.667425742574258,4.198019801980198,7.188118811881188,57.0,74.82663366336634,148.26732673267327,460.0792079207921,5.672158415841583,14.783366336633662,28.05742574257426,200.87128712871288,1.595841584158416,332.2277227722772,1.2628712871287129,23500.795643564354,3307.910891089109,2017.980198019802,13833.85108910891,500243.82178217825,5.227722772277228,337.5247524752475,0.628019801980198,3.3593069306930694,30.234653465346533,0.5342178217821781,84.51485148514851,108.01980198019803,40.38415841584158,4.387722772277228,0.33294894548316833,1.9801980198019802,0.6336633663366337,0.0,7.485148514851486,0.0,1.2673267326732673,0.0,6.712871287128713,3.338217821782178,104.18363000000001,41.01587835643565,108.33228555821981,17.727440410891088,162.96662566007427,74.792280651799,39.88173172442475,2.6714960900217823,0.7602716496673267,756.6315663834397,0.3274002964049505,1.231454989671287,8.114174512542576,1.6234494980049505,7.069249887758416,0.7392863269306931,205.14851485148515,0.0,0.0,1.5630693069306931,158.89525965346533,80.5397849009901,40.6244234529703,71.91852852722772,171.10935767326734,38.65681130362971,20.631517196014705,20.70631696354885,7.0281734078273175,7.053654119308715,106.65098705380849,105.55612121435725,8.565702972230788,9.61670202155223,9.749452351118402,11.015384522023187,12.1
Ti21 Nb1 Si16,unknown_structure,0.0,0.0,0.0,0.39825199887105267,1.7207894736842102,5.977567078947369,19.13157894736842,4.185526315789474,3.478947368421052,9.752105263157896,3.6052631578947367,8.236842105263158,60.94736842105263,40.72684210526316,139.47368421052633,404.1842105263158,5.72878947368421,14.745,30.378947368421056,197.21052631578948,1.6931578947368422,391.8421052631579,1.55,22830.175789473684,3253.6052631578946,1858.1052631578948,11222.82842105263,465098.36842105264,4.828947368421052,365.6578947368421,0.7589473684210526,4.355789473684211,25.85131578947368,0.6513947368421052,86.65789473684211,107.36842105263158,43.800000000000004,4.548157894736842,0.3191163617605263,1.9736842105263157,0.8421052631578947,0.0,4.026315789473684,0.0,1.6842105263157894,0.0,6.2894736842105265,3.3047368421052625,102.206755,36.41425478947369,97.43019421421315,16.188046960526314,154.60514342105265,76.00735877189737,35.63383760966316,2.8912843617394737,0.7411961616631579,600.094688304308,0.34104566091315786,1.220099656536842,7.137681995286842,1.691888856657895,4.886308147218421,0.7388935068421053,208.81578947368422,0.0,0.0,1.3173684210526315,150.76002434210525,83.63359078947369,37.18836052631579,72.1942427631579,162.29538157894737,32.87093344298158,21.04236125181477,19.50302234388582,7.158047667345915,6.634405802856714,109.0706114385891,97.03042252437989,8.363941995311592,9.16822911036977,9.822591077655662,10.500194419413,11.6
Hf7.5 Ti33 Nb1 Si16,unknown_structure,0.0,0.0,0.0,0.40588533241217395,1.790173913043478,5.529006947826087,26.62608695652174,4.028695652173913,3.429478260869565,10.407217391304346,4.0,6.8,55.95652173913044,60.18669565217392,148.3913043478261,437.9826086956522,5.302678260869565,14.520000000000001,28.688347826086954,197.0086956521739,1.6099130434782607,397.1913043478261,1.3047826086956522,23644.130434782608,3321.5391304347827,1960.695652173913,13489.50608695652,485115.39130434784,5.043478260869565,362.17391304347825,0.5774782608695652,2.9696521739130435,29.17721739130435,0.46956521739130436,91.65217391304348,108.26086956521739,42.041739130434784,4.418086956521739,0.32732651632173915,1.982608695652174,0.5565217391304348,0.0,5.843478260869565,0.0,1.1130434782608696,0.0,6.869565217391305,3.208695652173913,105.89936252173914,40.486009582608695,107.42192469810956,17.230075830434785,164.25221456522175,76.72328968838174,39.16018005072957,2.713329533900869,0.7747820497565218,717.254069772287,0.33137178916434784,1.2350975199582608,8.021720877279998,1.638828376256522,6.391494588612175,0.7394317045217391,203.7913043478261,0.0,0.0,1.622695652173913,160.06959717391305,82.80847065217392,39.76812018478261,73.68069920652175,172.6174493478261,38.17305427536174,21.15513446303823,20.82273376247457,7.122867388478139,7.0109491156782715,108.42363339689864,105.23180614925931,8.802577233874388,9.588531423343586,10.131653901057314,10.985110789950525,12.6
Hf10 Ti33 Nb1 Si16,unknown_structure,0.0,0.0,0.0,0.40719914784499994,1.7935,5.51044845,28.516666666666666,4.010833333333333,3.4136666666666664,10.533999999999999,4.083333333333333,6.683333333333334,55.5,65.116,149.5,445.98333333333335,5.3109,14.535833333333334,28.368,197.63333333333333,1.597,386.93333333333334,1.2666666666666666,23723.103333333336,3327.85,1983.3333333333333,13834.583333333332,490197.5,5.101666666666666,357.5833333333333,0.5630000000000001,2.859666666666667,29.776500000000002,0.4574166666666667,91.08333333333333,108.33333333333333,41.54,4.3965,0.329312911475,1.9833333333333334,0.5333333333333333,0.0,6.35,0.0,1.0666666666666667,0.0,6.916666666666667,3.2183333333333333,106.07827783333333,41.090959766666664,108.840787970855,17.445789191666666,165.25776944445,76.48892108331168,39.72831129167,2.6837466259883334,0.7765936782333333,738.7228033544417,0.32947789746166667,1.2363840900599998,8.149262164268332,1.6295186042333334,6.696240346544999,0.7394754043333333,203.38333333333333,0.0,0.0,1.6513333333333335,161.05112958333333,82.32206,40.239034124999996,73.57235162500001,173.67104916666668,38.926088680555004,21.07919198766617,20.967530321025592,7.102180429691262,7.064558432414258,108.03456707949292,106.32485755312825,8.820074915877798,9.644004809829154,10.107549422247638,11.049655263922714,13.3
Hf12.5 Ti33 Nb1 Si16,unknown_structure,0.0,0.0,0.0,0.4084078580432,1.7965599999999997,5.493374632,30.256,3.9943999999999997,3.39912,10.650640000000001,4.16,6.576,55.08,69.65096,150.52,453.344,5.318464,14.550400000000002,28.07328,198.208,1.5851199999999999,377.496,1.2316,23795.758400000002,3333.656,2004.16,14152.0544,494873.04,5.1552,353.36,0.5496800000000001,2.75848,30.327840000000002,0.44624,90.56,108.4,41.0784,4.376639999999999,0.331140395016,1.984,0.512,0.0,6.816,0.0,1.024,0.0,6.96,3.2272,106.24287992000001,41.647513936,110.1461421817808,17.644245484,166.18287993334,76.27330196664721,40.25099203333521,2.6565303507088003,0.778260376432,758.4740382500241,0.3277355170952,1.2375677345535998,8.266600148297599,1.620953613972,6.976606443843201,0.73951560816,203.008,0.0,0.0,1.67768,161.95413939999997,81.8745622,40.67227495,73.47267185000001,174.640361,39.618880333332804,21.008262455568076,21.09965315052214,7.0827403065405585,7.113551829395575,107.66848019652495,107.32765493202258,8.835710341694819,9.69423585814471,10.085299306248837,11.108585841165766,14.0
Ti33 Nb1 Si16,unknown_structure,0.0,0.0,0.0,0.401155596854,1.7782,5.5958175400000005,19.82,4.093,3.4863999999999997,9.9508,3.7,7.22,57.6,42.4412,144.4,409.18,5.27308,14.463,29.8416,194.76,1.6563999999999999,434.12,1.4420000000000002,23359.828,3298.82,1879.2,12247.227999999997,466819.8,4.834,378.7,0.6296,3.3656,27.0198,0.5133,93.7,108.0,43.848,4.4958,0.32017549377000004,1.98,0.64,0.0,4.02,0.0,1.28,0.0,6.7,3.174,105.25526740000001,38.30818892,102.31401691622601,16.453507730000002,160.632217,77.567016666634,37.114907583344,2.819828002386,0.7682601872399999,639.96662887653,0.338189799294,1.2304658675919997,7.562572244122,1.67234355554,5.2944098600539995,0.7392743852,205.26,0.0,0.0,1.5196,156.5360805,84.559549,38.072829999999996,74.0707505,168.82449,35.46213041666601,21.41888135603508,20.290809824947534,7.1936269507516455,6.814759089563341,109.74797665335696,101.2692234248113,8.735214811014322,9.38118217652496,10.217756625638206,10.748354502956325,11.1
Ti22 Nb57 Mo5 Si16,BCC,0.0,0.0,0.0,0.48501503028900006,2.023,5.79264944,32.55,4.129,4.1042000000000005,10.329600000000001,4.46,6.27,53.67,72.7815,154.14,574.24,6.424589999999999,14.308800000000002,29.041400000000003,203.18,1.6628000000000003,421.18,0.961,24065.306,4390.19,2410.29,20806.7216,619043.47,6.463700000000001,319.65,0.662,2.1384,31.86990000000001,0.79916,109.34,148.6,44.364,4.4096,0.360140225317,1.38,0.0,2.97,4.67,0.62,0.0,5.43,6.69,3.4715,150.8253674,32.470410550000004,89.53840180226099,17.38790227,212.91792750000002,119.77420483332799,29.936659666672,5.269416412687,0.635106305499,556.878116985134,0.395110544119,1.101004370356,5.623344086987,2.247485138774,2.784594732879,0.7030909411999999,220.98,0.0,0.0,2.2962999999999996,212.48389749999998,121.62515149999999,30.722954,118.8487315,213.78598749999998,34.052504999981004,23.686499367040447,20.841732613206506,8.200975990165261,7.21603247933665,130.68706906985727,112.63904273170839,10.100275403945917,9.573524301537848,11.208701098054654,10.30059594006483,10.43
Ti11 Nb26 Mo5 Si8,BCC,0.0,0.0,0.0,0.523539458924,2.061,6.271678840000001,32.6,4.159,4.161199999999999,10.2596,4.46,6.32,53.82,72.93299999999998,153.64,569.74,6.437139999999999,14.399800000000003,29.116400000000002,203.28,1.6908,413.28,0.9560000000000001,24008.784000000003,4389.44,2417.54,20848.589600000003,616070.82,6.4262,328.4,0.7040000000000001,2.1984,31.4844,0.79066,120.54,151.6,48.464,4.424600000000001,0.354229844132,1.38,0.0,3.02,4.72,0.62,0.0,5.38,6.64,3.513,155.31086739999998,37.094780799999995,101.315350651196,17.26860562,223.85446499999998,121.034232333328,34.205339666672,5.031009371942,0.735111773104,627.680650848784,0.388863820534,1.101004370356,6.524745775272001,2.190092491784,3.910302523524,0.7030909411999999,220.98,0.0,0.0,2.2967999999999997,223.420435,122.88517900000001,34.991634000000005,120.108759,224.722525,38.511043333316,24.873656607222205,22.369506271482727,8.864624636690174,7.972180348714969,137.80620527117196,122.03007336073084,10.505523843632927,10.09127265530287,11.740333077958777,10.925436472022287,11.92
Ti22 Nb47 Mo15 Si16,BCC,0.0,0.0,0.0,0.5620638875589999,2.099,6.75070824,32.65,4.189,4.2181999999999995,10.1896,4.46,6.37,53.97,73.08449999999999,153.14,565.24,6.44969,14.490800000000002,29.1914,203.38,1.7188000000000003,405.38,0.9510000000000001,23952.262,4388.69,2424.79,20890.4576,613098.17,6.388700000000001,337.15,0.7460000000000001,2.2584,31.0989,0.78216,131.74,154.6,52.56399999999999,4.4396,0.34831946294699995,1.38,0.0,3.07,4.77,0.62,0.0,5.33,6.59,3.5545000000000004,159.7963674,41.71915105,113.092299500131,17.14930897,234.7910025,122.294259833328,38.474019666672,4.792602331197,0.8351172407089998,698.483184712434,0.38261709694900004,1.101004370356,7.426147463556999,2.1326998447940007,5.036010314169,0.7030909411999999,220.98,0.0,0.0,2.2973,234.3569725,124.1452065,39.260314,121.3687865,235.6590625,42.969581666651,26.023340421941747,23.8191712502171,9.522142298568577,8.715619686060936,144.76271476128392,131.1169846928092,10.878160729318568,10.56346686204385,12.24461268852333,11.510342764118835,10.435
Ti11 Nb21 Mo10 Si8,BCC,0.0,0.0,0.0,0.600588316194,2.137,7.229737640000001,32.7,4.218999999999999,4.2752,10.1196,4.46,6.42,54.12,73.23599999999999,152.64,560.74,6.4622399999999995,14.581800000000003,29.266400000000004,203.48,1.7468000000000001,397.48,0.9460000000000001,23895.74,4387.94,2432.04,20932.3256,610125.52,6.3512,345.9,0.7879999999999999,2.3183999999999996,30.7134,0.77366,142.94,157.6,56.663999999999994,4.4546,0.342409081762,1.38,0.0,3.12,4.82,0.62,0.0,5.28,6.54,3.596,164.28186739999998,46.3435213,124.869248349066,17.03001232,245.72754,123.55428733332799,42.742699666671996,4.554195290452,0.935122708314,769.2857185760839,0.376370373364,1.101004370356,8.327549151842,2.075307197804,6.161718104814001,0.7030909411999999,220.98,0.0,0.0,2.2978,245.29351,125.40523400000001,43.528994000000004,122.628814,246.5956,47.428119999986,27.139882794746875,25.203647797363438,10.17370518633397,9.447884659258811,151.5773166895522,139.95609738888552,11.221528584567903,10.996081685138986,12.724963483719614,12.06137225251026,8.23
